vereador,faltas,faltas_abonadas,total_de_faltas,ano,nome_mes,mes
Alexandre Arraes,0,0,0,2017,fevereiro,2
Alexandre Isquierdo,0,0,0,2017,fevereiro,2
Carlo Caiado,0,0,0,2017,fevereiro,2
Carlos Bolsonaro,0,0,0,2017,fevereiro,2
Cesar Maia,1,1,0,2017,fevereiro,2
Chiquinho Brazão,3,0,3,2017,fevereiro,2
Cláudio Castro,1,0,1,2017,fevereiro,2
David Miranda,0,0,0,2017,fevereiro,2
Dr. Gilberto,1,0,1,2017,fevereiro,2
Dr. Jairinho,1,0,1,2017,fevereiro,2
Dr. João Ricardo,1,1,0,2017,fevereiro,2
Dr. Jorge Manaia,0,0,0,2017,fevereiro,2
Dr. Sergio Alves,0,0,0,2017,fevereiro,2
Eliseu Kessler,2,0,2,2017,fevereiro,2
Felipe Michel,0,0,0,2017,fevereiro,2
Fernando William,0,0,0,2017,fevereiro,2
Inaldo Silva,0,0,0,2017,fevereiro,2
Italo Ciba,0,0,0,2017,fevereiro,2
Jair da Mendes Gomes,0,0,0,2017,fevereiro,2
João Mendes de Jesus,0,0,0,2017,fevereiro,2
Jones Moura,0,0,0,2017,fevereiro,2
Jorge Felippe,2,1,1,2017,fevereiro,2
Junior da Lucinha,1,0,1,2017,fevereiro,2
Leandro Lyra,0,0,0,2017,fevereiro,2
Leonel Brizola,3,0,3,2017,fevereiro,2
Luciana Novaes,0,0,0,2017,fevereiro,2
Luiz Carlos Ramos Filho,0,0,0,2017,fevereiro,2
Marcelino D Almeida,0,0,0,2017,fevereiro,2
Marcello Siciliano,0,0,0,2017,fevereiro,2
Marcelo Arar,1,0,1,2017,fevereiro,2
Marielle Franco,0,0,0,2017,fevereiro,2
Otoni de Paula,0,0,0,2017,fevereiro,2
Paulo Messina,0,0,0,2017,fevereiro,2
Paulo Pinheiro,0,0,0,2017,fevereiro,2
Prof.Célio Lupparelli,0,0,0,2017,fevereiro,2
Professor Adalmir,0,0,0,2017,fevereiro,2
Rafael Aloisio Freitas,0,0,0,2017,fevereiro,2
Reimont,0,0,0,2017,fevereiro,2
Renato Cinco,0,0,0,2017,fevereiro,2
Renato Moura,0,0,0,2017,fevereiro,2
Rocal,1,0,1,2017,fevereiro,2
Rosa Fernandes,0,0,0,2017,fevereiro,2
Tânia Bastos,0,0,0,2017,fevereiro,2
Tarcísio Motta,0,0,0,2017,fevereiro,2
Thiago K. Ribeiro,1,1,0,2017,fevereiro,2
Val Ceasa,0,0,0,2017,fevereiro,2
Vera Lins,1,0,1,2017,fevereiro,2
Veronica Costa,0,0,0,2017,fevereiro,2
Willian Coelho,1,0,1,2017,fevereiro,2
Zico,0,0,0,2017,fevereiro,2
Zico Bacana,0,0,0,2017,fevereiro,2
Alexandre Arraes,2,1,1,2017,março,3
Alexandre Isquierdo,0,0,0,2017,março,3
Carlo Caiado,3,1,2,2017,março,3
Carlos Bolsonaro,2,0,2,2017,março,3
Cesar Maia,3,3,0,2017,março,3
Chiquinho Brazão,3,0,3,2017,março,3
Cláudio Castro,1,0,1,2017,março,3
David Miranda,0,0,0,2017,março,3
Dr. Gilberto,1,0,1,2017,março,3
Dr. Jairinho,1,0,1,2017,março,3
Dr. João Ricardo,0,0,0,2017,março,3
Dr. Jorge Manaia,1,1,0,2017,março,3
Dr. Sergio Alves,3,0,3,2017,março,3
Eliseu Kessler,1,0,1,2017,março,3
Felipe Michel,1,0,1,2017,março,3
Fernando William,0,0,0,2017,março,3
Inaldo Silva,2,2,0,2017,março,3
Italo Ciba,0,0,0,2017,março,3
Jair da Mendes Gomes,1,0,1,2017,março,3
João Mendes de Jesus,1,0,1,2017,março,3
Jones Moura,2,0,2,2017,março,3
Jorge Felippe,0,0,0,2017,março,3
Junior da Lucinha,0,0,0,2017,março,3
Leandro Lyra,0,0,0,2017,março,3
Leonel Brizola,3,0,3,2017,março,3
Luciana Novaes,4,1,3,2017,março,3
Luiz Carlos Ramos Filho,0,0,0,2017,março,3
Marcelino D Almeida,1,0,1,2017,março,3
Marcello Siciliano,1,1,0,2017,março,3
Marcelo Arar,1,0,1,2017,março,3
Marielle Franco,1,0,1,2017,março,3
Otoni de Paula,1,0,1,2017,março,3
Paulo Messina,0,0,0,2017,março,3
Paulo Pinheiro,2,0,2,2017,março,3
Prof.Célio Lupparelli,1,0,1,2017,março,3
Professor Adalmir,0,0,0,2017,março,3
Rafael Aloisio Freitas,0,0,0,2017,março,3
Reimont,1,1,0,2017,março,3
Renato Cinco,2,0,2,2017,março,3
Renato Moura,3,0,3,2017,março,3
Rocal,1,0,1,2017,março,3
Rosa Fernandes,1,0,1,2017,março,3
Tânia Bastos,1,0,1,2017,março,3
Tarcísio Motta,0,0,0,2017,março,3
Thiago K. Ribeiro,5,1,4,2017,março,3
Val Ceasa,0,0,0,2017,março,3
Vera Lins,1,1,0,2017,março,3
Veronica Costa,5,2,3,2017,março,3
Willian Coelho,1,0,1,2017,março,3
Zico,1,0,1,2017,março,3
Zico Bacana,1,0,1,2017,março,3
Alexandre Arraes,0,0,0,2017,abril,4
Alexandre Isquierdo,0,0,0,2017,abril,4
Carlo Caiado,0,0,0,2017,abril,4
Carlos Bolsonaro,1,0,1,2017,abril,4
Cesar Maia,5,4,1,2017,abril,4
Chiquinho Brazão,4,0,4,2017,abril,4
Cláudio Castro,0,0,0,2017,abril,4
David Miranda,1,0,1,2017,abril,4
Dr. Gilberto,1,1,0,2017,abril,4
Dr. Jairinho,0,0,0,2017,abril,4
Dr. João Ricardo,3,3,0,2017,abril,4
Dr. Jorge Manaia,1,1,0,2017,abril,4
Dr. Sergio Alves,0,0,0,2017,abril,4
Eliseu Kessler,3,3,0,2017,abril,4
Felipe Michel,0,0,0,2017,abril,4
Fernando William,0,0,0,2017,abril,4
Inaldo Silva,1,1,0,2017,abril,4
Italo Ciba,0,0,0,2017,abril,4
Jair da Mendes Gomes,0,0,0,2017,abril,4
João Mendes de Jesus,0,0,0,2017,abril,4
Jones Moura,0,0,0,2017,abril,4
Jorge Felippe,2,2,0,2017,abril,4
Junior da Lucinha,2,0,2,2017,abril,4
Leandro Lyra,0,0,0,2017,abril,4
Leonel Brizola,1,0,1,2017,abril,4
Luciana Novaes,1,1,0,2017,abril,4
Luiz Carlos Ramos Filho,0,0,0,2017,abril,4
Marcelino D Almeida,2,1,1,2017,abril,4
Marcello Siciliano,0,0,0,2017,abril,4
Marcelo Arar,1,0,1,2017,abril,4
Marielle Franco,0,0,0,2017,abril,4
Otoni de Paula,1,0,1,2017,abril,4
Paulo Messina,0,0,0,2017,abril,4
Paulo Pinheiro,1,0,1,2017,abril,4
Prof.Célio Lupparelli,1,0,1,2017,abril,4
Professor Adalmir,0,0,0,2017,abril,4
Rafael Aloisio Freitas,0,0,0,2017,abril,4
Reimont,0,0,0,2017,abril,4
Renato Cinco,0,0,0,2017,abril,4
Renato Moura,0,0,0,2017,abril,4
Rocal,1,0,1,2017,abril,4
Rosa Fernandes,1,0,1,2017,abril,4
Tânia Bastos,1,0,1,2017,abril,4
Tarcísio Motta,0,0,0,2017,abril,4
Thiago K. Ribeiro,0,0,0,2017,abril,4
Val Ceasa,0,0,0,2017,abril,4
Vera Lins,0,0,0,2017,abril,4
Veronica Costa,0,0,0,2017,abril,4
Willian Coelho,1,1,0,2017,abril,4
Zico,0,0,0,2017,abril,4
Zico Bacana,0,0,0,2017,abril,4
Alexandre Arraes,0,0,0,2017,maio,5
Alexandre Isquierdo,0,0,0,2017,maio,5
Carlo Caiado,1,1,0,2017,maio,5
Carlos Bolsonaro,1,0,1,2017,maio,5
Cesar Maia,0,0,0,2017,maio,5
Chiquinho Brazão,2,0,2,2017,maio,5
Cláudio Castro,0,0,0,2017,maio,5
David Miranda,1,0,1,2017,maio,5
Dr. Carlos Eduardo,1,1,0,2017,maio,5
Dr. Gilberto,2,0,2,2017,maio,5
Dr. Jairinho,0,0,0,2017,maio,5
Dr. João Ricardo,1,1,0,2017,maio,5
Dr. Jorge Manaia,0,0,0,2017,maio,5
Eliseu Kessler,1,0,1,2017,maio,5
Felipe Michel,1,0,1,2017,maio,5
Fernando William,0,0,0,2017,maio,5
Inaldo Silva,0,0,0,2017,maio,5
Italo Ciba,1,0,1,2017,maio,5
Jair da Mendes Gomes,1,0,1,2017,maio,5
João Mendes de Jesus,1,0,1,2017,maio,5
Jones Moura,1,1,0,2017,maio,5
Jorge Felippe,2,2,0,2017,maio,5
Junior da Lucinha,0,0,0,2017,maio,5
Leandro Lyra,0,0,0,2017,maio,5
Leonel Brizola,1,0,1,2017,maio,5
Luciana Novaes,2,1,1,2017,maio,5
Luiz Carlos Ramos Filho,1,0,1,2017,maio,5
Marcelino D Almeida,1,0,1,2017,maio,5
Marcello Siciliano,0,0,0,2017,maio,5
Marcelo Arar,1,0,1,2017,maio,5
Marielle Franco,1,0,1,2017,maio,5
Otoni de Paula,0,0,0,2017,maio,5
Paulo Messina,1,0,1,2017,maio,5
Paulo Pinheiro,1,0,1,2017,maio,5
Prof.Célio Lupparelli,0,0,0,2017,maio,5
Professor Adalmir,1,0,1,2017,maio,5
Rafael Aloisio Freitas,0,0,0,2017,maio,5
Reimont,1,0,1,2017,maio,5
Renato Cinco,0,0,0,2017,maio,5
Renato Moura,1,0,1,2017,maio,5
Rocal,3,0,3,2017,maio,5
Rosa Fernandes,0,0,0,2017,maio,5
Tânia Bastos,0,0,0,2017,maio,5
Tarcísio Motta,0,0,0,2017,maio,5
Thiago K. Ribeiro,0,0,0,2017,maio,5
Val Ceasa,0,0,0,2017,maio,5
Vera Lins,1,1,0,2017,maio,5
Veronica Costa,0,0,0,2017,maio,5
Willian Coelho,2,2,0,2017,maio,5
Zico,2,0,2,2017,maio,5
Zico Bacana,1,0,1,2017,maio,5
Alexandre Arraes,1,1,0,2017,junho,6
Alexandre Isquierdo,0,0,0,2017,junho,6
Carlo Caiado,1,1,0,2017,junho,6
Carlos Bolsonaro,0,0,0,2017,junho,6
Cesar Maia,0,0,0,2017,junho,6
Chiquinho Brazão,2,0,2,2017,junho,6
Cláudio Castro,0,0,0,2017,junho,6
David Miranda,0,0,0,2017,junho,6
Dr. Carlos Eduardo,0,0,0,2017,junho,6
Dr. Gilberto,0,0,0,2017,junho,6
Dr. Jairinho,0,0,0,2017,junho,6
Dr. João Ricardo,4,0,4,2017,junho,6
Dr. Jorge Manaia,1,1,0,2017,junho,6
Eliseu Kessler,0,0,0,2017,junho,6
Felipe Michel,0,0,0,2017,junho,6
Fernando William,0,0,0,2017,junho,6
Inaldo Silva,0,0,0,2017,junho,6
Italo Ciba,0,0,0,2017,junho,6
Jair da Mendes Gomes,0,0,0,2017,junho,6
João Mendes de Jesus,0,0,0,2017,junho,6
Jones Moura,0,0,0,2017,junho,6
Jorge Felippe,0,0,0,2017,junho,6
Junior da Lucinha,0,0,0,2017,junho,6
Leandro Lyra,0,0,0,2017,junho,6
Leonel Brizola,2,0,2,2017,junho,6
Luciana Novaes,0,0,0,2017,junho,6
Luiz Carlos Ramos Filho,0,0,0,2017,junho,6
Marcelino D Almeida,1,0,1,2017,junho,6
Marcello Siciliano,1,1,0,2017,junho,6
Marcelo Arar,0,0,0,2017,junho,6
Marielle Franco,3,3,0,2017,junho,6
Otoni de Paula,1,0,1,2017,junho,6
Paulo Messina,0,0,0,2017,junho,6
Paulo Pinheiro,0,0,0,2017,junho,6
Prof.Célio Lupparelli,0,0,0,2017,junho,6
Professor Adalmir,0,0,0,2017,junho,6
Rafael Aloisio Freitas,0,0,0,2017,junho,6
Reimont,0,0,0,2017,junho,6
Renato Cinco,0,0,0,2017,junho,6
Renato Moura,3,0,3,2017,junho,6
Rocal,1,0,1,2017,junho,6
Rosa Fernandes,1,0,1,2017,junho,6
Tânia Bastos,0,0,0,2017,junho,6
Tarcísio Motta,0,0,0,2017,junho,6
Thiago K. Ribeiro,0,0,0,2017,junho,6
Val Ceasa,0,0,0,2017,junho,6
Vera Lins,1,1,0,2017,junho,6
Veronica Costa,0,0,0,2017,junho,6
Willian Coelho,2,0,2,2017,junho,6
Zico,1,0,1,2017,junho,6
Zico Bacana,0,0,0,2017,junho,6
Alexandre Arraes,0,0,0,2017,julho,7
Alexandre Isquierdo,0,0,0,2017,julho,7
Carlo Caiado,0,0,0,2017,julho,7
Carlos Bolsonaro,0,0,0,2017,julho,7
Cesar Maia,2,2,0,2017,julho,7
Chiquinho Brazão,1,0,1,2017,julho,7
Cláudio Castro,0,0,0,2017,julho,7
David Miranda,0,0,0,2017,julho,7
Dr. Carlos Eduardo,0,0,0,2017,julho,7
Dr. Gilberto,0,0,0,2017,julho,7
Dr. Jairinho,0,0,0,2017,julho,7
Dr. João Ricardo,0,0,0,2017,julho,7
Dr. Jorge Manaia,0,0,0,2017,julho,7
Eliseu Kessler,0,0,0,2017,julho,7
Felipe Michel,0,0,0,2017,julho,7
Fernando William,0,0,0,2017,julho,7
Inaldo Silva,0,0,0,2017,julho,7
Italo Ciba,0,0,0,2017,julho,7
Jair da Mendes Gomes,0,0,0,2017,julho,7
João Mendes de Jesus,0,0,0,2017,julho,7
Jones Moura,1,1,0,2017,julho,7
Jorge Felippe,0,0,0,2017,julho,7
Junior da Lucinha,0,0,0,2017,julho,7
Leandro Lyra,0,0,0,2017,julho,7
Leonel Brizola,1,0,1,2017,julho,7
Luciana Novaes,0,0,0,2017,julho,7
Luiz Carlos Ramos Filho,0,0,0,2017,julho,7
Marcelino D Almeida,0,0,0,2017,julho,7
Marcello Siciliano,0,0,0,2017,julho,7
Marcelo Arar,0,0,0,2017,julho,7
Marielle Franco,2,0,2,2017,julho,7
Otoni de Paula,0,0,0,2017,julho,7
Paulo Messina,0,0,0,2017,julho,7
Paulo Pinheiro,0,0,0,2017,julho,7
Prof.Célio Lupparelli,0,0,0,2017,julho,7
Professor Adalmir,0,0,0,2017,julho,7
Rafael Aloisio Freitas,0,0,0,2017,julho,7
Reimont,0,0,0,2017,julho,7
Renato Cinco,0,0,0,2017,julho,7
Renato Moura,0,0,0,2017,julho,7
Rocal,0,0,0,2017,julho,7
Rosa Fernandes,0,0,0,2017,julho,7
Tânia Bastos,0,0,0,2017,julho,7
Tarcísio Motta,0,0,0,2017,julho,7
Thiago K. Ribeiro,0,0,0,2017,julho,7
Val Ceasa,0,0,0,2017,julho,7
Vera Lins,0,0,0,2017,julho,7
Veronica Costa,0,0,0,2017,julho,7
Willian Coelho,0,0,0,2017,julho,7
Zico,0,0,0,2017,julho,7
Zico Bacana,0,0,0,2017,julho,7
Alexandre Arraes,1,1,0,2017,agosto,8
Alexandre Isquierdo,0,0,0,2017,agosto,8
Carlo Caiado,0,0,0,2017,agosto,8
Carlos Bolsonaro,1,0,1,2017,agosto,8
Cesar Maia,0,0,0,2017,agosto,8
Chiquinho Brazão,3,0,3,2017,agosto,8
Cláudio Castro,0,0,0,2017,agosto,8
David Miranda,0,0,0,2017,agosto,8
Dr. Carlos Eduardo,0,0,0,2017,agosto,8
Dr. Gilberto,2,0,2,2017,agosto,8
Dr. Jairinho,0,0,0,2017,agosto,8
Dr. João Ricardo,3,0,3,2017,agosto,8
Dr. Jorge Manaia,2,2,0,2017,agosto,8
Eliseu Kessler,0,0,0,2017,agosto,8
Felipe Michel,0,0,0,2017,agosto,8
Fernando William,0,0,0,2017,agosto,8
Inaldo Silva,4,3,1,2017,agosto,8
Italo Ciba,0,0,0,2017,agosto,8
Jair da Mendes Gomes,0,0,0,2017,agosto,8
João Mendes de Jesus,0,0,0,2017,agosto,8
Jones Moura,2,1,1,2017,agosto,8
Jorge Felippe,1,1,0,2017,agosto,8
Junior da Lucinha,1,1,0,2017,agosto,8
Leandro Lyra,0,0,0,2017,agosto,8
Leonel Brizola,1,0,1,2017,agosto,8
Luciana Novaes,1,1,0,2017,agosto,8
Luiz Carlos Ramos Filho,0,0,0,2017,agosto,8
Marcelino D Almeida,0,0,0,2017,agosto,8
Marcello Siciliano,1,1,0,2017,agosto,8
Marcelo Arar,0,0,0,2017,agosto,8
Marielle Franco,1,1,0,2017,agosto,8
Otoni de Paula,3,0,3,2017,agosto,8
Paulo Messina,0,0,0,2017,agosto,8
Paulo Pinheiro,2,0,2,2017,agosto,8
Prof.Célio Lupparelli,4,4,0,2017,agosto,8
Professor Adalmir,0,0,0,2017,agosto,8
Rafael Aloisio Freitas,0,0,0,2017,agosto,8
Reimont,0,0,0,2017,agosto,8
Renato Cinco,1,1,0,2017,agosto,8
Renato Moura,0,0,0,2017,agosto,8
Rocal,0,0,0,2017,agosto,8
Rosa Fernandes,1,0,1,2017,agosto,8
Tânia Bastos,0,0,0,2017,agosto,8
Tarcísio Motta,0,0,0,2017,agosto,8
Thiago K. Ribeiro,2,0,2,2017,agosto,8
Val Ceasa,1,0,1,2017,agosto,8
Vera Lins,0,0,0,2017,agosto,8
Veronica Costa,2,1,1,2017,agosto,8
Willian Coelho,3,0,3,2017,agosto,8
Zico,0,0,0,2017,agosto,8
Zico Bacana,0,0,0,2017,agosto,8
Alexandre Isquierdo,0,0,0,2017,setembro,9
Carlo Caiado,0,0,0,2017,setembro,9
Carlos Bolsonaro,0,0,0,2017,setembro,9
Cesar Maia,0,0,0,2017,setembro,9
Chiquinho Brazão,0,0,0,2017,setembro,9
Cláudio Castro,0,0,0,2017,setembro,9
David Miranda,3,0,3,2017,setembro,9
Dr. Carlos Eduardo,0,0,0,2017,setembro,9
Dr. Gilberto,0,0,0,2017,setembro,9
Dr. Jairinho,4,4,0,2017,setembro,9
Dr. João Ricardo,2,0,2,2017,setembro,9
Dr. Jorge Manaia,1,1,0,2017,setembro,9
Eliseu Kessler,0,0,0,2017,setembro,9
Felipe Michel,0,0,0,2017,setembro,9
Fernando William,0,0,0,2017,setembro,9
Inaldo Silva,0,0,0,2017,setembro,9
Italo Ciba,0,0,0,2017,setembro,9
Jair da Mendes Gomes,0,0,0,2017,setembro,9
João Mendes de Jesus,0,0,0,2017,setembro,9
Jones Moura,0,0,0,2017,setembro,9
Jorge Felippe,2,0,2,2017,setembro,9
Junior da Lucinha,0,0,0,2017,setembro,9
Leandro Lyra,0,0,0,2017,setembro,9
Leonel Brizola,0,0,0,2017,setembro,9
Luciana Novaes,3,2,1,2017,setembro,9
Luiz Carlos Ramos Filho,0,0,0,2017,setembro,9
Marcelino D Almeida,1,0,1,2017,setembro,9
Marcello Siciliano,3,3,0,2017,setembro,9
Marcelo Arar,3,0,3,2017,setembro,9
Marielle Franco,1,1,0,2017,setembro,9
Otoni de Paula,3,2,1,2017,setembro,9
Paulo Messina,1,0,1,2017,setembro,9
Paulo Pinheiro,0,0,0,2017,setembro,9
Prof.Célio Lupparelli,0,0,0,2017,setembro,9
Professor Adalmir,0,0,0,2017,setembro,9
Rafael Aloisio Freitas,0,0,0,2017,setembro,9
Reimont,0,0,0,2017,setembro,9
Renato Cinco,0,0,0,2017,setembro,9
Renato Moura,0,0,0,2017,setembro,9
Rocal,0,0,0,2017,setembro,9
Rosa Fernandes,0,0,0,2017,setembro,9
Tânia Bastos,0,0,0,2017,setembro,9
Tarcísio Motta,0,0,0,2017,setembro,9
Teresa Bergher,1,1,0,2017,setembro,9
Thiago K. Ribeiro,0,0,0,2017,setembro,9
Val Ceasa,0,0,0,2017,setembro,9
Vera Lins,1,1,0,2017,setembro,9
Veronica Costa,0,0,0,2017,setembro,9
Willian Coelho,2,0,2,2017,setembro,9
Zico,0,0,0,2017,setembro,9
Zico Bacana,0,0,0,2017,setembro,9
Alexandre Isquierdo,0,0,0,2017,outubro,10
Carlo Caiado,4,1,3,2017,outubro,10
Carlos Bolsonaro,2,0,2,2017,outubro,10
Cesar Maia,0,0,0,2017,outubro,10
Chiquinho Brazão,0,0,0,2017,outubro,10
Cláudio Castro,1,0,1,2017,outubro,10
David Miranda,0,0,0,2017,outubro,10
Dr. Carlos Eduardo,1,1,0,2017,outubro,10
Dr. Gilberto,0,0,0,2017,outubro,10
Dr. Jairinho,4,1,3,2017,outubro,10
Dr. João Ricardo,0,0,0,2017,outubro,10
Dr. Jorge Manaia,5,5,0,2017,outubro,10
Eliseu Kessler,1,0,1,2017,outubro,10
Felipe Michel,0,0,0,2017,outubro,10
Fernando William,0,0,0,2017,outubro,10
Inaldo Silva,0,0,0,2017,outubro,10
Italo Ciba,0,0,0,2017,outubro,10
Jair da Mendes Gomes,0,0,0,2017,outubro,10
João Mendes de Jesus,0,0,0,2017,outubro,10
Jones Moura,1,0,1,2017,outubro,10
Jorge Felippe,2,0,2,2017,outubro,10
Junior da Lucinha,0,0,0,2017,outubro,10
Leandro Lyra,0,0,0,2017,outubro,10
Leonel Brizola,0,0,0,2017,outubro,10
Luciana Novaes,1,0,1,2017,outubro,10
Luiz Carlos Ramos Filho,0,0,0,2017,outubro,10
Marcelino D Almeida,0,0,0,2017,outubro,10
Marcello Siciliano,3,3,0,2017,outubro,10
Marcelo Arar,0,0,0,2017,outubro,10
Marielle Franco,1,1,0,2017,outubro,10
Otoni de Paula,0,0,0,2017,outubro,10
Paulo Messina,0,0,0,2017,outubro,10
Paulo Pinheiro,0,0,0,2017,outubro,10
Prof.Célio Lupparelli,0,0,0,2017,outubro,10
Professor Adalmir,0,0,0,2017,outubro,10
Rafael Aloisio Freitas,0,0,0,2017,outubro,10
Reimont,0,0,0,2017,outubro,10
Renato Cinco,0,0,0,2017,outubro,10
Renato Moura,1,0,1,2017,outubro,10
Rocal,0,0,0,2017,outubro,10
Rosa Fernandes,0,0,0,2017,outubro,10
Tânia Bastos,2,1,1,2017,outubro,10
Tarcísio Motta,0,0,0,2017,outubro,10
Teresa Bergher,1,1,0,2017,outubro,10
Thiago K. Ribeiro,1,1,0,2017,outubro,10
Val Ceasa,0,0,0,2017,outubro,10
Vera Lins,4,4,0,2017,outubro,10
Veronica Costa,0,0,0,2017,outubro,10
Willian Coelho,1,1,0,2017,outubro,10
Zico,0,0,0,2017,outubro,10
Zico Bacana,0,0,0,2017,outubro,10
Alexandre Isquierdo,0,0,0,2017,novmebro,11
Carlo Caiado,3,2,1,2017,novmebro,11
Carlos Bolsonaro,0,0,0,2017,novmebro,11
Cesar Maia,3,3,0,2017,novmebro,11
Chiquinho Brazão,3,0,3,2017,novmebro,11
Cláudio Castro,1,0,1,2017,novmebro,11
David Miranda,0,0,0,2017,novmebro,11
Dr. Carlos Eduardo,0,0,0,2017,novmebro,11
Dr. Gilberto,0,0,0,2017,novmebro,11
Dr. Jairinho,1,0,1,2017,novmebro,11
Dr. João Ricardo,1,0,1,2017,novmebro,11
Dr. Jorge Manaia,1,1,0,2017,novmebro,11
Eliseu Kessler,0,0,0,2017,novmebro,11
Felipe Michel,0,0,0,2017,novmebro,11
Fernando William,0,0,0,2017,novmebro,11
Inaldo Silva,0,0,0,2017,novmebro,11
Italo Ciba,0,0,0,2017,novmebro,11
Jair da Mendes Gomes,0,0,0,2017,novmebro,11
João Mendes de Jesus,0,0,0,2017,novmebro,11
Jones Moura,3,0,3,2017,novmebro,11
Jorge Felippe,1,0,1,2017,novmebro,11
Junior da Lucinha,1,0,1,2017,novmebro,11
Leandro Lyra,0,0,0,2017,novmebro,11
Leonel Brizola,0,0,0,2017,novmebro,11
Luciana Novaes,1,0,1,2017,novmebro,11
Luiz Carlos Ramos Filho,0,0,0,2017,novmebro,11
Marcelino D Almeida,0,0,0,2017,novmebro,11
Marcello Siciliano,0,0,0,2017,novmebro,11
Marcelo Arar,1,0,1,2017,novmebro,11
Marielle Franco,0,0,0,2017,novmebro,11
Otoni de Paula,1,0,1,2017,novmebro,11
Paulo Messina,1,0,1,2017,novmebro,11
Paulo Pinheiro,0,0,0,2017,novmebro,11
Prof.Célio Lupparelli,0,0,0,2017,novmebro,11
Professor Adalmir,0,0,0,2017,novmebro,11
Rafael Aloisio Freitas,1,0,1,2017,novmebro,11
Reimont,1,0,1,2017,novmebro,11
Renato Cinco,3,3,0,2017,novmebro,11
Renato Moura,1,0,1,2017,novmebro,11
Rocal,0,0,0,2017,novmebro,11
Rosa Fernandes,0,0,0,2017,novmebro,11
Tânia Bastos,0,0,0,2017,novmebro,11
Tarcísio Motta,0,0,0,2017,novmebro,11
Teresa Bergher,0,0,0,2017,novmebro,11
Thiago K. Ribeiro,2,0,2,2017,novmebro,11
Val Ceasa,0,0,0,2017,novmebro,11
Vera Lins,1,1,0,2017,novmebro,11
Veronica Costa,8,8,0,2017,novmebro,11
Willian Coelho,1,0,1,2017,novmebro,11
Zico,0,0,0,2017,novmebro,11
Zico Bacana,0,0,0,2017,novmebro,11
Alexandre Isquierdo,2,1,1,2017,dezembro,12
Carlo Caiado,1,0,1,2017,dezembro,12
Carlos Bolsonaro,1,0,1,2017,dezembro,12
Cesar Maia,0,0,0,2017,dezembro,12
Chiquinho Brazão,1,0,1,2017,dezembro,12
Cláudio Castro,0,0,0,2017,dezembro,12
David Miranda,0,0,0,2017,dezembro,12
Dr. Carlos Eduardo,0,0,0,2017,dezembro,12
Dr. Gilberto,0,0,0,2017,dezembro,12
Dr. Jairinho,1,0,1,2017,dezembro,12
Dr. João Ricardo,3,1,2,2017,dezembro,12
Dr. Jorge Manaia,3,3,0,2017,dezembro,12
Eliseu Kessler,2,0,2,2017,dezembro,12
Felipe Michel,0,0,0,2017,dezembro,12
Fernando William,0,0,0,2017,dezembro,12
Inaldo Silva,0,0,0,2017,dezembro,12
Italo Ciba,0,0,0,2017,dezembro,12
Jair da Mendes Gomes,0,0,0,2017,dezembro,12
João Mendes de Jesus,0,0,0,2017,dezembro,12
Jones Moura,1,0,1,2017,dezembro,12
Jorge Felippe,1,0,1,2017,dezembro,12
Junior da Lucinha,1,0,1,2017,dezembro,12
Leandro Lyra,0,0,0,2017,dezembro,12
Leonel Brizola,1,0,1,2017,dezembro,12
Luciana Novaes,1,1,0,2017,dezembro,12
Luiz Carlos Ramos Filho,0,0,0,2017,dezembro,12
Marcelino D Almeida,0,0,0,2017,dezembro,12
Marcello Siciliano,0,0,0,2017,dezembro,12
Marcelo Arar,1,0,1,2017,dezembro,12
Marielle Franco,1,1,0,2017,dezembro,12
Otoni de Paula,1,0,1,2017,dezembro,12
Paulo Messina,0,0,0,2017,dezembro,12
Paulo Pinheiro,1,0,1,2017,dezembro,12
Prof.Célio Lupparelli,1,1,0,2017,dezembro,12
Professor Adalmir,1,1,0,2017,dezembro,12
Rafael Aloisio Freitas,0,0,0,2017,dezembro,12
Reimont,1,0,1,2017,dezembro,12
Renato Cinco,0,0,0,2017,dezembro,12
Renato Moura,2,1,1,2017,dezembro,12
Rocal,1,0,1,2017,dezembro,12
Rosa Fernandes,1,0,1,2017,dezembro,12
Tânia Bastos,0,0,0,2017,dezembro,12
Tarcísio Motta,0,0,0,2017,dezembro,12
Teresa Bergher,0,0,0,2017,dezembro,12
Thiago K. Ribeiro,0,0,0,2017,dezembro,12
Ulisses Marins,0,0,0,2017,dezembro,12
Val Ceasa,0,0,0,2017,dezembro,12
Vera Lins,0,0,0,2017,dezembro,12
Veronica Costa,1,0,1,2017,dezembro,12
Willian Coelho,2,0,2,2017,dezembro,12
Zico,0,0,0,2017,dezembro,12
Zico Bacana,0,0,0,2017,dezembro,12
Alexandre Isquierdo,2,1,1,2018,fevereiro,2
Carlo Caiado,2,1,1,2018,fevereiro,2
Carlos Bolsonaro,3,3,0,2018,fevereiro,2
Cesar Maia,1,1,0,2018,fevereiro,2
Chiquinho Brazão,2,0,2,2018,fevereiro,2
Cláudio Castro,0,0,0,2018,fevereiro,2
David Miranda,0,0,0,2018,fevereiro,2
Dr. Carlos Eduardo,0,0,0,2018,fevereiro,2
Dr. Jairinho,2,0,2,2018,fevereiro,2
Dr. João Ricardo,0,0,0,2018,fevereiro,2
Dr. Jorge Manaia,1,0,1,2018,fevereiro,2
Eliseu Kessler,1,0,1,2018,fevereiro,2
Felipe Michel,0,0,0,2018,fevereiro,2
Fernando William,0,0,0,2018,fevereiro,2
Inaldo Silva,2,1,1,2018,fevereiro,2
Italo Ciba,0,0,0,2018,fevereiro,2
Jair da Mendes Gomes,0,0,0,2018,fevereiro,2
João Mendes de Jesus,0,0,0,2018,fevereiro,2
Jones Moura,0,0,0,2018,fevereiro,2
Jorge Felippe,1,0,1,2018,fevereiro,2
Junior da Lucinha,0,0,0,2018,fevereiro,2
Leandro Lyra,0,0,0,2018,fevereiro,2
Leonel Brizola,2,0,2,2018,fevereiro,2
Luciana Novaes,4,4,0,2018,fevereiro,2
Luiz Carlos Ramos Filho,0,0,0,2018,fevereiro,2
Marcelino D Almeida,1,0,1,2018,fevereiro,2
Marcello Siciliano,1,0,1,2018,fevereiro,2
Marcelo Arar,1,0,1,2018,fevereiro,2
Marielle Franco,0,0,0,2018,fevereiro,2
Otoni de Paula,0,0,0,2018,fevereiro,2
Paulo Pinheiro,0,0,0,2018,fevereiro,2
Prof.Célio Lupparelli,0,0,0,2018,fevereiro,2
Professor Adalmir,0,0,0,2018,fevereiro,2
Rafael Aloisio Freitas,0,0,0,2018,fevereiro,2
Reimont,0,0,0,2018,fevereiro,2
Renato Cinco,0,0,0,2018,fevereiro,2
Renato Moura,1,0,1,2018,fevereiro,2
Rocal,0,0,0,2018,fevereiro,2
Rosa Fernandes,0,0,0,2018,fevereiro,2
Tânia Bastos,0,0,0,2018,fevereiro,2
Tarcísio Motta,0,0,0,2018,fevereiro,2
Teresa Bergher,0,0,0,2018,fevereiro,2
Thiago K. Ribeiro,1,0,1,2018,fevereiro,2
Ulisses Marins,0,0,0,2018,fevereiro,2
Val Ceasa,0,0,0,2018,fevereiro,2
Vera Lins,0,0,0,2018,fevereiro,2
Veronica Costa,0,0,0,2018,fevereiro,2
Welington Dias,0,0,0,2018,fevereiro,2
Willian Coelho,2,0,2,2018,fevereiro,2
Zico,0,0,0,2018,fevereiro,2
Zico Bacana,0,0,0,2018,fevereiro,2
Alexandre Isquierdo,1,0,1,2018,março,3
Babá,0,0,0,2018,março,3
Carlo Caiado,4,4,0,2018,março,3
Carlos Bolsonaro,1,1,0,2018,março,3
Cesar Maia,0,0,0,2018,março,3
Chiquinho Brazão,1,0,1,2018,março,3
Cláudio Castro,1,1,0,2018,março,3
David Miranda,2,0,2,2018,março,3
Dr. Carlos Eduardo,0,0,0,2018,março,3
Dr. Jairinho,0,0,0,2018,março,3
Dr. João Ricardo,2,0,2,2018,março,3
Dr. Jorge Manaia,1,1,0,2018,março,3
Eliseu Kessler,4,3,1,2018,março,3
Felipe Michel,1,1,0,2018,março,3
Fernando William,2,2,0,2018,março,3
Inaldo Silva,0,0,0,2018,março,3
Italo Ciba,0,0,0,2018,março,3
Jair da Mendes Gomes,0,0,0,2018,março,3
João Mendes de Jesus,0,0,0,2018,março,3
Jones Moura,0,0,0,2018,março,3
Jorge Felippe,2,1,1,2018,março,3
Junior da Lucinha,0,0,0,2018,março,3
Leandro Lyra,0,0,0,2018,março,3
Leonel Brizola,0,0,0,2018,março,3
Luciana Novaes,0,0,0,2018,março,3
Luiz Carlos Ramos Filho,2,2,0,2018,março,3
Marcelino D Almeida,1,0,1,2018,março,3
Marcello Siciliano,1,1,0,2018,março,3
Marcelo Arar,3,1,2,2018,março,3
Marielle Franco,0,0,0,2018,março,3
Otoni de Paula,1,1,0,2018,março,3
Paulo Pinheiro,0,0,0,2018,março,3
Prof.Célio Lupparelli,2,0,2,2018,março,3
Professor Adalmir,0,0,0,2018,março,3
Rafael Aloisio Freitas,0,0,0,2018,março,3
Reimont,1,1,0,2018,março,3
Renato Cinco,0,0,0,2018,março,3
Renato Moura,2,0,2,2018,março,3
Rocal,2,1,1,2018,março,3
Rosa Fernandes,1,0,1,2018,março,3
Tânia Bastos,1,0,1,2018,março,3
Tarcísio Motta,0,0,0,2018,março,3
Teresa Bergher,3,3,0,2018,março,3
Thiago K. Ribeiro,1,1,0,2018,março,3
Ulisses Marins,0,0,0,2018,março,3
Val Ceasa,0,0,0,2018,março,3
Vera Lins,0,0,0,2018,março,3
Veronica Costa,2,2,0,2018,março,3
Welington Dias,1,1,0,2018,março,3
Willian Coelho,2,0,2,2018,março,3
Zico,0,0,0,2018,março,3
Zico Bacana,5,5,0,2018,março,3
Alexandre Isquierdo,1,0,1,2018,abril,4
Átila A. Nunes,1,0,1,2018,abril,4
Babá,1,1,0,2018,abril,4
Carlo Caiado,0,0,0,2018,abril,4
Carlos Bolsonaro,0,0,0,2018,abril,4
Cesar Maia,1,1,0,2018,abril,4
Chiquinho Brazão,2,0,2,2018,abril,4
Cláudio Castro,0,0,0,2018,abril,4
Daniel Martins,0,0,0,2018,abril,4
David Miranda,1,0,1,2018,abril,4
Dr. Carlos Eduardo,0,0,0,2018,abril,4
Dr. Jairinho,0,0,0,2018,abril,4
Dr. João Ricardo,0,0,0,2018,abril,4
Dr. Jorge Manaia,0,0,0,2018,abril,4
Eliseu Kessler,1,0,1,2018,abril,4
Felipe Michel,0,0,0,2018,abril,4
Fernando William,0,0,0,2018,abril,4
Inaldo Silva,0,0,0,2018,abril,4
Italo Ciba,1,1,0,2018,abril,4
Jair da Mendes Gomes,0,0,0,2018,abril,4
João Mendes de Jesus,0,0,0,2018,abril,4
Jones Moura,2,1,1,2018,abril,4
Jorge Felippe,2,0,2,2018,abril,4
Junior da Lucinha,2,0,2,2018,abril,4
Leandro Lyra,0,0,0,2018,abril,4
Leonel Brizola,2,0,2,2018,abril,4
Luciana Novaes,1,1,0,2018,abril,4
Luiz Carlos Ramos Filho,0,0,0,2018,abril,4
Marcelino D Almeida,0,0,0,2018,abril,4
Marcello Siciliano,0,0,0,2018,abril,4
Marcelo Arar,0,0,0,2018,abril,4
Otoni de Paula,0,0,0,2018,abril,4
Paulo Pinheiro,0,0,0,2018,abril,4
Prof.Célio Lupparelli,0,0,0,2018,abril,4
Professor Adalmir,1,1,0,2018,abril,4
Rafael Aloisio Freitas,0,0,0,2018,abril,4
Reimont,0,0,0,2018,abril,4
Renato Cinco,1,1,0,2018,abril,4
Renato Moura,0,0,0,2018,abril,4
Rocal,1,0,1,2018,abril,4
Rosa Fernandes,0,0,0,2018,abril,4
Tânia Bastos,0,0,0,2018,abril,4
Tarcísio Motta,1,1,0,2018,abril,4
Teresa Bergher,0,0,0,2018,abril,4
Thiago K. Ribeiro,0,0,0,2018,abril,4
Tiãozinho do Jacaré,1,1,0,2018,abril,4
Ulisses Marins,0,0,0,2018,abril,4
Val Ceasa,0,0,0,2018,abril,4
Vera Lins,3,3,0,2018,abril,4
Veronica Costa,1,1,0,2018,abril,4
Welington Dias,0,0,0,2018,abril,4
Willian Coelho,2,0,2,2018,abril,4
Zico,0,0,0,2018,abril,4
Zico Bacana,1,1,0,2018,abril,4
Alexandre Isquierdo,0,0,0,2018,maio,5
Átila A. Nunes,2,0,2,2018,maio,5
Babá,2,2,0,2018,maio,5
Carlo Caiado,0,0,0,2018,maio,5
Carlos Bolsonaro,0,0,0,2018,maio,5
Cesar Maia,3,2,1,2018,maio,5
Chiquinho Brazão,3,0,3,2018,maio,5
Cláudio Castro,0,0,0,2018,maio,5
Daniel Martins,0,0,0,2018,maio,5
David Miranda,2,2,0,2018,maio,5
Dr. Carlos Eduardo,0,0,0,2018,maio,5
Dr. Jairinho,0,0,0,2018,maio,5
Dr. Jorge Manaia,1,1,0,2018,maio,5
Eliseu Kessler,1,1,0,2018,maio,5
Felipe Michel,0,0,0,2018,maio,5
Fernando William,0,0,0,2018,maio,5
Inaldo Silva,1,1,0,2018,maio,5
Italo Ciba,3,3,0,2018,maio,5
Jair da Mendes Gomes,1,1,0,2018,maio,5
Jones Moura,1,0,1,2018,maio,5
Jorge Felippe,2,2,0,2018,maio,5
Junior da Lucinha,0,0,0,2018,maio,5
Leandro Lyra,0,0,0,2018,maio,5
Leonel Brizola,0,0,0,2018,maio,5
Luciana Novaes,4,4,0,2018,maio,5
Luiz Carlos Ramos Filho,0,0,0,2018,maio,5
Marcelino D Almeida,0,0,0,2018,maio,5
Marcello Siciliano,5,0,5,2018,maio,5
Marcelo Arar,1,0,1,2018,maio,5
Otoni de Paula,1,0,1,2018,maio,5
Paulo Pinheiro,0,0,0,2018,maio,5
Prof.Célio Lupparelli,2,2,0,2018,maio,5
Professor Adalmir,0,0,0,2018,maio,5
Rafael Aloisio Freitas,0,0,0,2018,maio,5
Reimont,0,0,0,2018,maio,5
Renato Cinco,0,0,0,2018,maio,5
Rocal,0,0,0,2018,maio,5
Rosa Fernandes,0,0,0,2018,maio,5
Tânia Bastos,0,0,0,2018,maio,5
Tarcísio Motta,0,0,0,2018,maio,5
Teresa Bergher,2,0,2,2018,maio,5
Thiago K. Ribeiro,2,2,0,2018,maio,5
Tiãozinho do Jacaré,0,0,0,2018,maio,5
Ulisses Marins,0,0,0,2018,maio,5
Val Ceasa,0,0,0,2018,maio,5
Vera Lins,1,1,0,2018,maio,5
Veronica Costa,1,1,0,2018,maio,5
Welington Dias,0,0,0,2018,maio,5
Willian Coelho,2,0,2,2018,maio,5
Zico,0,0,0,2018,maio,5
Zico Bacana,0,0,0,2018,maio,5
Alexandre Isquierdo,0,0,0,2018,junho,6
Átila A. Nunes,0,0,0,2018,junho,6
Babá,0,0,0,2018,junho,6
Carlo Caiado,0,0,0,2018,junho,6
Carlos Bolsonaro,0,0,0,2018,junho,6
Cesar Maia,4,4,0,2018,junho,6
Chiquinho Brazão,1,0,1,2018,junho,6
Cláudio Castro,0,0,0,2018,junho,6
Daniel Martins,0,0,0,2018,junho,6
David Miranda,1,0,1,2018,junho,6
Dr. Carlos Eduardo,0,0,0,2018,junho,6
Dr. Jairinho,0,0,0,2018,junho,6
Dr. João Ricardo,1,0,1,2018,junho,6
Dr. Jorge Manaia,0,0,0,2018,junho,6
Eliseu Kessler,2,1,1,2018,junho,6
Felipe Michel,0,0,0,2018,junho,6
Fernando William,0,0,0,2018,junho,6
Inaldo Silva,1,1,0,2018,junho,6
Italo Ciba,0,0,0,2018,junho,6
Jair da Mendes Gomes,0,0,0,2018,junho,6
Jones Moura,1,0,1,2018,junho,6
Jorge Felippe,0,0,0,2018,junho,6
Junior da Lucinha,0,0,0,2018,junho,6
Leandro Lyra,0,0,0,2018,junho,6
Leonel Brizola,0,0,0,2018,junho,6
Luciana Novaes,1,1,0,2018,junho,6
Luiz Carlos Ramos Filho,0,0,0,2018,junho,6
Marcelino D Almeida,0,0,0,2018,junho,6
Marcello Siciliano,1,0,1,2018,junho,6
Marcelo Arar,2,0,2,2018,junho,6
Otoni de Paula,1,0,1,2018,junho,6
Paulo Messina,0,0,0,2018,junho,6
Paulo Pinheiro,0,0,0,2018,junho,6
Prof.Célio Lupparelli,0,0,0,2018,junho,6
Professor Adalmir,0,0,0,2018,junho,6
Rafael Aloisio Freitas,2,0,2,2018,junho,6
Reimont,0,0,0,2018,junho,6
Renato Cinco,0,0,0,2018,junho,6
Rocal,0,0,0,2018,junho,6
Rosa Fernandes,4,3,1,2018,junho,6
Tânia Bastos,0,0,0,2018,junho,6
Tarcísio Motta,0,0,0,2018,junho,6
Teresa Bergher,0,0,0,2018,junho,6
Thiago K. Ribeiro,0,0,0,2018,junho,6
Tiãozinho do Jacaré,0,0,0,2018,junho,6
Ulisses Marins,0,0,0,2018,junho,6
Val Ceasa,0,0,0,2018,junho,6
Vera Lins,0,0,0,2018,junho,6
Veronica Costa,0,0,0,2018,junho,6
Welington Dias,0,0,0,2018,junho,6
Willian Coelho,0,0,0,2018,junho,6
Zico,0,0,0,2018,junho,6
Zico Bacana,0,0,0,2018,junho,6
Alexandre Isquierdo,0,0,0,2018,julho,7
Átila A. Nunes,0,0,0,2018,julho,7
Babá,0,0,0,2018,julho,7
Carlo Caiado,1,1,0,2018,julho,7
Carlos Bolsonaro,1,0,1,2018,julho,7
Cesar Maia,0,0,0,2018,julho,7
Chiquinho Brazão,1,0,1,2018,julho,7
Cláudio Castro,0,0,0,2018,julho,7
Daniel Martins,0,0,0,2018,julho,7
David Miranda,1,0,1,2018,julho,7
Dr. Carlos Eduardo,1,1,0,2018,julho,7
Dr. Jairinho,0,0,0,2018,julho,7
Dr. Jorge Manaia,0,0,0,2018,julho,7
Eliseu Kessler,1,0,1,2018,julho,7
Felipe Michel,0,0,0,2018,julho,7
Fernando William,0,0,0,2018,julho,7
Inaldo Silva,0,0,0,2018,julho,7
Italo Ciba,0,0,0,2018,julho,7
Jair da Mendes Gomes,0,0,0,2018,julho,7
Jones Moura,1,0,1,2018,julho,7
Jorge Felippe,0,0,0,2018,julho,7
Junior da Lucinha,1,0,1,2018,julho,7
Leandro Lyra,0,0,0,2018,julho,7
Leonel Brizola,0,0,0,2018,julho,7
Luciana Novaes,0,0,0,2018,julho,7
Luiz Carlos Ramos Filho,0,0,0,2018,julho,7
Marcelino D Almeida,0,0,0,2018,julho,7
Marcello Siciliano,1,0,1,2018,julho,7
Marcelo Arar,0,0,0,2018,julho,7
Otoni de Paula,0,0,0,2018,julho,7
Paulo Pinheiro,0,0,0,2018,julho,7
Prof.Célio Lupparelli,0,0,0,2018,julho,7
Professor Adalmir,0,0,0,2018,julho,7
Rafael Aloisio Freitas,0,0,0,2018,julho,7
Reimont,0,0,0,2018,julho,7
Renato Cinco,0,0,0,2018,julho,7
Rocal,0,0,0,2018,julho,7
Rosa Fernandes,0,0,0,2018,julho,7
Tânia Bastos,0,0,0,2018,julho,7
Tarcísio Motta,0,0,0,2018,julho,7
Teresa Bergher,0,0,0,2018,julho,7
Thiago K. Ribeiro,1,0,1,2018,julho,7
Tiãozinho do Jacaré,0,0,0,2018,julho,7
Ulisses Marins,0,0,0,2018,julho,7
Val Ceasa,0,0,0,2018,julho,7
Vera Lins,0,0,0,2018,julho,7
Veronica Costa,0,0,0,2018,julho,7
Welington Dias,0,0,0,2018,julho,7
Willian Coelho,0,0,0,2018,julho,7
Zico,0,0,0,2018,julho,7
Zico Bacana,0,0,0,2018,julho,7
Alexandre Isquierdo,0,0,0,2018,agosto,8
Átila A. Nunes,0,0,0,2018,agosto,8
Babá,1,0,1,2018,agosto,8
Carlo Caiado,0,0,0,2018,agosto,8
Carlos Bolsonaro,0,0,0,2018,agosto,8
Cesar Maia,1,0,1,2018,agosto,8
Chiquinho Brazão,6,1,5,2018,agosto,8
Cláudio Castro,0,0,0,2018,agosto,8
Daniel Martins,1,0,1,2018,agosto,8
David Miranda,0,0,0,2018,agosto,8
Dr. Carlos Eduardo,0,0,0,2018,agosto,8
Dr. Jairinho,0,0,0,2018,agosto,8
Dr. Jorge Manaia,1,1,0,2018,agosto,8
Eliseu Kessler,2,0,2,2018,agosto,8
Felipe Michel,0,0,0,2018,agosto,8
Fernando William,0,0,0,2018,agosto,8
Inaldo Silva,2,2,0,2018,agosto,8
Italo Ciba,0,0,0,2018,agosto,8
Jair da Mendes Gomes,0,0,0,2018,agosto,8
Jones Moura,2,0,2,2018,agosto,8
Jorge Felippe,0,0,0,2018,agosto,8
Junior da Lucinha,3,0,3,2018,agosto,8
Leandro Lyra,0,0,0,2018,agosto,8
Leonel Brizola,1,0,1,2018,agosto,8
Luciana Novaes,0,0,0,2018,agosto,8
Luiz Carlos Ramos Filho,0,0,0,2018,agosto,8
Marcelino D Almeida,0,0,0,2018,agosto,8
Marcello Siciliano,2,2,0,2018,agosto,8
Marcelo Arar,0,0,0,2018,agosto,8
Otoni de Paula,0,0,0,2018,agosto,8
Paulo Pinheiro,0,0,0,2018,agosto,8
Prof.Célio Lupparelli,0,0,0,2018,agosto,8
Professor Adalmir,0,0,0,2018,agosto,8
Rafael Aloisio Freitas,0,0,0,2018,agosto,8
Reimont,1,0,1,2018,agosto,8
Renato Cinco,0,0,0,2018,agosto,8
Rocal,1,1,0,2018,agosto,8
Rosa Fernandes,2,0,2,2018,agosto,8
Tânia Bastos,1,1,0,2018,agosto,8
Tarcísio Motta,0,0,0,2018,agosto,8
Teresa Bergher,5,4,1,2018,agosto,8
Thiago K. Ribeiro,1,1,0,2018,agosto,8
Tiãozinho do Jacaré,0,0,0,2018,agosto,8
Ulisses Marins,0,0,0,2018,agosto,8
Val Ceasa,0,0,0,2018,agosto,8
Vera Lins,1,1,0,2018,agosto,8
Veronica Costa,3,0,3,2018,agosto,8
Welington Dias,0,0,0,2018,agosto,8
Willian Coelho,2,0,2,2018,agosto,8
Zico,1,0,1,2018,agosto,8
Zico Bacana,0,0,0,2018,agosto,8
Alexandre Isquierdo,1,0,1,2018,setembro,9
Átila A. Nunes,2,0,2,2018,setembro,9
Babá,2,2,0,2018,setembro,9
Carlo Caiado,1,0,1,2018,setembro,9
Carlos Bolsonaro,0,0,0,2018,setembro,9
Cesar Maia,1,0,1,2018,setembro,9
Chiquinho Brazão,9,2,7,2018,setembro,9
Cláudio Castro,0,0,0,2018,setembro,9
Daniel Martins,0,0,0,2018,setembro,9
David Miranda,1,0,1,2018,setembro,9
Dr. Carlos Eduardo,0,0,0,2018,setembro,9
Dr. Jairinho,0,0,0,2018,setembro,9
Dr. João Ricardo,0,0,0,2018,setembro,9
Dr. Jorge Manaia,1,0,1,2018,setembro,9
Eliseu Kessler,2,2,0,2018,setembro,9
Felipe Michel,0,0,0,2018,setembro,9
Fernando William,0,0,0,2018,setembro,9
Inaldo Silva,0,0,0,2018,setembro,9
Italo Ciba,0,0,0,2018,setembro,9
Jair da Mendes Gomes,0,0,0,2018,setembro,9
Jones Moura,1,0,1,2018,setembro,9
Jorge Felippe,1,0,1,2018,setembro,9
Junior da Lucinha,3,0,3,2018,setembro,9
Leandro Lyra,0,0,0,2018,setembro,9
Leonel Brizola,0,0,0,2018,setembro,9
Luciana Novaes,0,0,0,2018,setembro,9
Luiz Carlos Ramos Filho,0,0,0,2018,setembro,9
Marcelino D Almeida,1,0,1,2018,setembro,9
Marcello Siciliano,1,1,0,2018,setembro,9
Marcelo Arar,0,0,0,2018,setembro,9
Otoni de Paula,2,0,2,2018,setembro,9
Paulo Pinheiro,0,0,0,2018,setembro,9
Prof.Célio Lupparelli,0,0,0,2018,setembro,9
Professor Adalmir,0,0,0,2018,setembro,9
Rafael Aloisio Freitas,0,0,0,2018,setembro,9
Reimont,0,0,0,2018,setembro,9
Renato Cinco,0,0,0,2018,setembro,9
Rocal,0,0,0,2018,setembro,9
Rosa Fernandes,0,0,0,2018,setembro,9
Tânia Bastos,0,0,0,2018,setembro,9
Tarcísio Motta,1,0,1,2018,setembro,9
Teresa Bergher,0,0,0,2018,setembro,9
Thiago K. Ribeiro,1,1,0,2018,setembro,9
Tiãozinho do Jacaré,1,0,1,2018,setembro,9
Ulisses Marins,1,0,1,2018,setembro,9
Val Ceasa,7,0,7,2018,setembro,9
Vera Lins,3,3,0,2018,setembro,9
Veronica Costa,2,0,2,2018,setembro,9
Welington Dias,0,0,0,2018,setembro,9
Willian Coelho,0,0,0,2018,setembro,9
Zico,1,0,1,2018,setembro,9
Zico Bacana,0,0,0,2018,setembro,9
Alexandre Isquierdo,0,0,0,2018,outubro,10
Babá,0,0,0,2018,outubro,10
Carlo Caiado,1,1,0,2018,outubro,10
Carlos Bolsonaro,0,0,0,2018,outubro,10
Cesar Maia,0,0,0,2018,outubro,10
Chiquinho Brazão,7,0,7,2018,outubro,10
Cláudio Castro,8,0,8,2018,outubro,10
Daniel Martins,0,0,0,2018,outubro,10
David Miranda,4,1,3,2018,outubro,10
Dr. Carlos Eduardo,0,0,0,2018,outubro,10
Dr. Jairinho,0,0,0,2018,outubro,10
Dr. João Ricardo,5,0,5,2018,outubro,10
Dr. Jorge Manaia,0,0,0,2018,outubro,10
Eliseu Kessler,0,0,0,2018,outubro,10
Felipe Michel,1,0,1,2018,outubro,10
Fernando William,0,0,0,2018,outubro,10
Inaldo Silva,0,0,0,2018,outubro,10
Italo Ciba,0,0,0,2018,outubro,10
Jair da Mendes Gomes,0,0,0,2018,outubro,10
Jones Moura,1,0,1,2018,outubro,10
Jorge Felippe,1,0,1,2018,outubro,10
Junior da Lucinha,3,0,3,2018,outubro,10
Leandro Lyra,0,0,0,2018,outubro,10
Leonel Brizola,2,0,2,2018,outubro,10
Luciana Novaes,2,2,0,2018,outubro,10
Luiz Carlos Ramos Filho,0,0,0,2018,outubro,10
Marcelino D Almeida,1,0,1,2018,outubro,10
Marcello Siciliano,0,0,0,2018,outubro,10
Marcelo Arar,1,0,1,2018,outubro,10
Otoni de Paula,1,0,1,2018,outubro,10
Paulo Pinheiro,0,0,0,2018,outubro,10
Prof.Célio Lupparelli,0,0,0,2018,outubro,10
Professor Adalmir,1,1,0,2018,outubro,10
Rafael Aloisio Freitas,0,0,0,2018,outubro,10
Reimont,0,0,0,2018,outubro,10
Renato Cinco,0,0,0,2018,outubro,10
Rocal,0,0,0,2018,outubro,10
Rosa Fernandes,0,0,0,2018,outubro,10
Tânia Bastos,1,0,1,2018,outubro,10
Tarcísio Motta,0,0,0,2018,outubro,10
Teresa Bergher,1,0,1,2018,outubro,10
Thiago K. Ribeiro,1,0,1,2018,outubro,10
Tiãozinho do Jacaré,0,0,0,2018,outubro,10
Ulisses Marins,0,0,0,2018,outubro,10
Val Ceasa,0,0,0,2018,outubro,10
Vera Lins,4,4,0,2018,outubro,10
Veronica Costa,6,0,6,2018,outubro,10
Welington Dias,0,0,0,2018,outubro,10
Willian Coelho,2,0,2,2018,outubro,10
Zico,0,0,0,2018,outubro,10
Zico Bacana,0,0,0,2018,outubro,10
Alexandre Isquierdo,0,0,0,2018,novmebro,11
Átila A. Nunes,0,0,0,2018,novmebro,11
Babá,0,0,0,2018,novmebro,11
Carlo Caiado,2,1,1,2018,novmebro,11
Carlos Bolsonaro,0,0,0,2018,novmebro,11
Cesar Maia,3,2,1,2018,novmebro,11
Chiquinho Brazão,2,0,2,2018,novmebro,11
Cláudio Castro,3,0,3,2018,novmebro,11
Daniel Martins,8,0,8,2018,novmebro,11
David Miranda,0,0,0,2018,novmebro,11
Dr. Carlos Eduardo,0,0,0,2018,novmebro,11
Dr. Gilberto,0,0,0,2018,novmebro,11
Dr. Jairinho,5,1,4,2018,novmebro,11
Dr. João Ricardo,1,0,1,2018,novmebro,11
Dr. Jorge Manaia,1,1,0,2018,novmebro,11
Dr. Marcos Paulo,0,0,0,2018,novmebro,11
Eliseu Kessler,0,0,0,2018,novmebro,11
Fátima da Solidariedade,0,0,0,2018,novmebro,11
Felipe Michel,0,0,0,2018,novmebro,11
Fernando William,0,0,0,2018,novmebro,11
Inaldo Silva,0,0,0,2018,novmebro,11
Italo Ciba,0,0,0,2018,novmebro,11
Jair da Mendes Gomes,0,0,0,2018,novmebro,11
Jones Moura,1,0,1,2018,novmebro,11
Jorge Felippe,5,4,1,2018,novmebro,11
Junior da Lucinha,1,0,1,2018,novmebro,11
Leandro Lyra,0,0,0,2018,novmebro,11
Leonel Brizola,1,0,1,2018,novmebro,11
Luciana Novaes,2,0,2,2018,novmebro,11
Luiz Carlos Ramos Filho,0,0,0,2018,novmebro,11
Major Elitusalem,0,0,0,2018,novmebro,11
Marcelino D Almeida,0,0,0,2018,novmebro,11
Marcello Siciliano,2,0,2,2018,novmebro,11
Marcelo Arar,0,0,0,2018,novmebro,11
Matheus Floriano,0,0,0,2018,novmebro,11
Otoni de Paula,6,0,6,2018,novmebro,11
Paulo Messina,0,0,0,2018,novmebro,11
Paulo Pinheiro,0,0,0,2018,novmebro,11
Prof.Célio Lupparelli,0,0,0,2018,novmebro,11
Professor Adalmir,0,0,0,2018,novmebro,11
Rafael Aloisio Freitas,0,0,0,2018,novmebro,11
Reimont,1,0,1,2018,novmebro,11
Renato Cinco,0,0,0,2018,novmebro,11
Renato Moura,0,0,0,2018,novmebro,11
Rocal,0,0,0,2018,novmebro,11
Rosa Fernandes,0,0,0,2018,novmebro,11
Tânia Bastos,0,0,0,2018,novmebro,11
Tarcísio Motta,0,0,0,2018,novmebro,11
Teresa Bergher,3,2,1,2018,novmebro,11
Thiago K. Ribeiro,2,0,2,2018,novmebro,11
Tiãozinho do Jacaré,0,0,0,2018,novmebro,11
Ulisses Marins,0,0,0,2018,novmebro,11
Val Ceasa,0,0,0,2018,novmebro,11
Vera Lins,0,0,0,2018,novmebro,11
Veronica Costa,3,0,3,2018,novmebro,11
Welington Dias,2,2,0,2018,novmebro,11
Willian Coelho,4,0,4,2018,novmebro,11
Zico,0,0,0,2018,novmebro,11
Zico Bacana,0,0,0,2018,novmebro,11
Alexandre Isquierdo,0,0,0,2018,dezembro,12
Babá,0,0,0,2018,dezembro,12
Carlo Caiado,0,0,0,2018,dezembro,12
Carlos Bolsonaro,3,0,3,2018,dezembro,12
Cesar Maia,0,0,0,2018,dezembro,12
Chiquinho Brazão,0,0,0,2018,dezembro,12
Cláudio Castro,0,0,0,2018,dezembro,12
Daniel Martins,4,0,4,2018,dezembro,12
David Miranda,4,0,4,2018,dezembro,12
Dr. Carlos Eduardo,0,0,0,2018,dezembro,12
Dr. Gilberto,0,0,0,2018,dezembro,12
Dr. Jairinho,1,0,1,2018,dezembro,12
Dr. João Ricardo,1,0,1,2018,dezembro,12
Dr. Jorge Manaia,1,1,0,2018,dezembro,12
Eliseu Kessler,0,0,0,2018,dezembro,12
Felipe Michel,0,0,0,2018,dezembro,12
Fernando William,0,0,0,2018,dezembro,12
Inaldo Silva,8,8,0,2018,dezembro,12
Italo Ciba,0,0,0,2018,dezembro,12
Jair da Mendes Gomes,0,0,0,2018,dezembro,12
Jones Moura,0,0,0,2018,dezembro,12
Jorge Felippe,0,0,0,2018,dezembro,12
Junior da Lucinha,0,0,0,2018,dezembro,12
Leandro Lyra,0,0,0,2018,dezembro,12
Leonel Brizola,2,0,2,2018,dezembro,12
Luciana Novaes,4,3,1,2018,dezembro,12
Luiz Carlos Ramos Filho,0,0,0,2018,dezembro,12
Marcelino D Almeida,0,0,0,2018,dezembro,12
Marcello Siciliano,1,1,0,2018,dezembro,12
Marcelo Arar,0,0,0,2018,dezembro,12
Otoni de Paula,5,0,5,2018,dezembro,12
Paulo Pinheiro,0,0,0,2018,dezembro,12
Prof.Célio Lupparelli,0,0,0,2018,dezembro,12
Professor Adalmir,0,0,0,2018,dezembro,12
Rafael Aloisio Freitas,0,0,0,2018,dezembro,12
Reimont,0,0,0,2018,dezembro,12
Renato Cinco,0,0,0,2018,dezembro,12
Renato Moura,0,0,0,2018,dezembro,12
Rocal,0,0,0,2018,dezembro,12
Rosa Fernandes,2,0,2,2018,dezembro,12
Tânia Bastos,0,0,0,2018,dezembro,12
Tarcísio Motta,0,0,0,2018,dezembro,12
Teresa Bergher,0,0,0,2018,dezembro,12
Thiago K. Ribeiro,0,0,0,2018,dezembro,12
Tiãozinho do Jacaré,1,0,1,2018,dezembro,12
Val Ceasa,0,0,0,2018,dezembro,12
Vera Lins,0,0,0,2018,dezembro,12
Veronica Costa,5,0,5,2018,dezembro,12
Welington Dias,0,0,0,2018,dezembro,12
Willian Coelho,0,0,0,2018,dezembro,12
Zico,0,0,0,2018,dezembro,12
Zico Bacana,0,0,0,2018,dezembro,12
Alexandre Isquierdo,0,0,0,2019,fevereiro,2
Átila A. Nunes,4,0,4,2019,fevereiro,2
Babá,2,2,0,2019,fevereiro,2
Carlo Caiado,1,0,1,2019,fevereiro,2
Carlos Bolsonaro,0,0,0,2019,fevereiro,2
Cesar Maia,0,0,0,2019,fevereiro,2
Dr. Carlos Eduardo,0,0,0,2019,fevereiro,2
Dr. Gilberto,1,0,1,2019,fevereiro,2
Dr. Jairinho,1,0,1,2019,fevereiro,2
Dr. João Ricardo,1,0,1,2019,fevereiro,2
Dr. Jorge Manaia,1,1,0,2019,fevereiro,2
Dr. Marcos Paulo,0,0,0,2019,fevereiro,2
Eliseu Kessler,3,0,3,2019,fevereiro,2
Fátima da Solidariedade,0,0,0,2019,fevereiro,2
Felipe Michel,0,0,0,2019,fevereiro,2
Fernando William,0,0,0,2019,fevereiro,2
Inaldo Silva,0,0,0,2019,fevereiro,2
Italo Ciba,0,0,0,2019,fevereiro,2
Jair da Mendes Gomes,0,0,0,2019,fevereiro,2
Jimmy Pereira,1,1,0,2019,fevereiro,2
Jones Moura,0,0,0,2019,fevereiro,2
Jorge Felippe,3,3,0,2019,fevereiro,2
Junior da Lucinha,1,0,1,2019,fevereiro,2
Leandro Lyra,0,0,0,2019,fevereiro,2
Leonel Brizola,1,0,1,2019,fevereiro,2
Luciana Novaes,1,0,1,2019,fevereiro,2
Luiz Carlos Ramos Filho,0,0,0,2019,fevereiro,2
Major Elitusalem,0,0,0,2019,fevereiro,2
Marcelino D Almeida,1,0,1,2019,fevereiro,2
Marcello Siciliano,0,0,0,2019,fevereiro,2
Marcelo Arar,1,0,1,2019,fevereiro,2
Paulo Pinheiro,0,0,0,2019,fevereiro,2
Prof.Célio Lupparelli,0,0,0,2019,fevereiro,2
Professor Adalmir,0,0,0,2019,fevereiro,2
Rafael Aloisio Freitas,0,0,0,2019,fevereiro,2
Reimont,0,0,0,2019,fevereiro,2
Renato Cinco,0,0,0,2019,fevereiro,2
Renato Moura,0,0,0,2019,fevereiro,2
Rocal,0,0,0,2019,fevereiro,2
Rosa Fernandes,1,0,1,2019,fevereiro,2
Tânia Bastos,0,0,0,2019,fevereiro,2
Tarcísio Motta,0,0,0,2019,fevereiro,2
Teresa Bergher,0,0,0,2019,fevereiro,2
Thiago K. Ribeiro,1,0,1,2019,fevereiro,2
Tiãozinho do Jacaré,0,0,0,2019,fevereiro,2
Vera Lins,1,1,0,2019,fevereiro,2
Veronica Costa,0,0,0,2019,fevereiro,2
Welington Dias,1,0,1,2019,fevereiro,2
Willian Coelho,1,0,1,2019,fevereiro,2
Zico,1,0,1,2019,fevereiro,2
Zico Bacana,0,0,0,2019,fevereiro,2
Alexandre Isquierdo,1,0,1,2019,março,3
Átila A. Nunes,0,0,0,2019,março,3
Babá,5,5,0,2019,março,3
Carlo Caiado,0,0,0,2019,março,3
Carlos Bolsonaro,0,0,0,2019,março,3
Cesar Maia,0,0,0,2019,março,3
Dr. Carlos Eduardo,0,0,0,2019,março,3
Dr. Gilberto,0,0,0,2019,março,3
Dr. Jairinho,0,0,0,2019,março,3
Dr. João Ricardo,0,0,0,2019,março,3
Dr. Jorge Manaia,0,0,0,2019,março,3
Dr. Marcos Paulo,0,0,0,2019,março,3
Eliseu Kessler,0,0,0,2019,março,3
Fátima da Solidariedade,1,1,0,2019,março,3
Felipe Michel,0,0,0,2019,março,3
Fernando William,0,0,0,2019,março,3
Inaldo Silva,0,0,0,2019,março,3
Italo Ciba,0,0,0,2019,março,3
Jair da Mendes Gomes,0,0,0,2019,março,3
Jimmy Pereira,1,0,1,2019,março,3
Jones Moura,0,0,0,2019,março,3
Jorge Felippe,1,1,0,2019,março,3
Junior da Lucinha,0,0,0,2019,março,3
Leandro Lyra,0,0,0,2019,março,3
Leonel Brizola,1,0,1,2019,março,3
Luciana Novaes,0,0,0,2019,março,3
Luiz Carlos Ramos Filho,0,0,0,2019,março,3
Major Elitusalem,0,0,0,2019,março,3
Marcelino D Almeida,1,0,1,2019,março,3
Marcello Siciliano,2,1,1,2019,março,3
Marcelo Arar,2,0,2,2019,março,3
Paulo Pinheiro,0,0,0,2019,março,3
Prof.Célio Lupparelli,0,0,0,2019,março,3
Professor Adalmir,0,0,0,2019,março,3
Rafael Aloisio Freitas,1,1,0,2019,março,3
Reimont,0,0,0,2019,março,3
Renato Cinco,0,0,0,2019,março,3
Renato Moura,0,0,0,2019,março,3
Rocal,0,0,0,2019,março,3
Rosa Fernandes,1,0,1,2019,março,3
Tânia Bastos,1,1,0,2019,março,3
Tarcísio Motta,0,0,0,2019,março,3
Teresa Bergher,0,0,0,2019,março,3
Thiago K. Ribeiro,2,1,1,2019,março,3
Tiãozinho do Jacaré,0,0,0,2019,março,3
Vera Lins,0,0,0,2019,março,3
Veronica Costa,1,1,0,2019,março,3
Welington Dias,0,0,0,2019,março,3
Willian Coelho,0,0,0,2019,março,3
Zico,0,0,0,2019,março,3
Zico Bacana,0,0,0,2019,março,3
Alexandre Isquierdo,0,0,0,2019,abril,4
Átila A. Nunes,0,0,0,2019,abril,4
Babá,0,0,0,2019,abril,4
Carlo Caiado *,0,0,0,2019,abril,4
Carlos Bolsonaro,0,0,0,2019,abril,4
Cesar Maia,3,3,0,2019,abril,4
Dr. Carlos Eduardo,0,0,0,2019,abril,4
Dr. Gilberto,0,0,0,2019,abril,4
Dr. Jairinho,0,0,0,2019,abril,4
Dr. João Ricardo,0,0,0,2019,abril,4
Dr. Jorge Manaia,0,0,0,2019,abril,4
Dr. Marcos Paulo,0,0,0,2019,abril,4
Eliseu Kessler,1,0,1,2019,abril,4
Fátima da Solidariedade,0,0,0,2019,abril,4
Felipe Michel,0,0,0,2019,abril,4
Fernando William,0,0,0,2019,abril,4
Inaldo Silva,0,0,0,2019,abril,4
Italo Ciba,0,0,0,2019,abril,4
Jair da Mendes Gomes,0,0,0,2019,abril,4
Jones Moura,0,0,0,2019,abril,4
Jorge Felippe,1,1,0,2019,abril,4
Junior da Lucinha,0,0,0,2019,abril,4
Leandro Lyra,0,0,0,2019,abril,4
Leonel Brizola,0,0,0,2019,abril,4
Luciana Novaes,2,1,1,2019,abril,4
Luiz Carlos Ramos Filho,0,0,0,2019,abril,4
Major Elitusalem,0,0,0,2019,abril,4
Marcelino D Almeida,3,3,0,2019,abril,4
Marcello Siciliano,0,0,0,2019,abril,4
Marcelo Arar,0,0,0,2019,abril,4
Matheus Floriano,0,0,0,2019,abril,4
Paulo Messina,0,0,0,2019,abril,4
Paulo Pinheiro,0,0,0,2019,abril,4
Prof.Célio Lupparelli,0,0,0,2019,abril,4
Professor Adalmir,0,0,0,2019,abril,4
Rafael Aloisio Freitas,0,0,0,2019,abril,4
Reimont,0,0,0,2019,abril,4
Renato Cinco,0,0,0,2019,abril,4
Renato Moura,0,0,0,2019,abril,4
Rocal,0,0,0,2019,abril,4
Rosa Fernandes,0,0,0,2019,abril,4
Tânia Bastos,1,1,0,2019,abril,4
Tarcísio Motta,0,0,0,2019,abril,4
Teresa Bergher,0,0,0,2019,abril,4
Thiago K. Ribeiro,0,0,0,2019,abril,4
Tiãozinho do Jacaré,0,0,0,2019,abril,4
Vera Lins,0,0,0,2019,abril,4
Veronica Costa,0,0,0,2019,abril,4
Welington Dias,0,0,0,2019,abril,4
Willian Coelho,0,0,0,2019,abril,4
Zico,0,0,0,2019,abril,4
Zico Bacana,3,3,0,2019,abril,4
Alexandre Isquierdo,1,1,0,2019,maio,5
Átila A. Nunes,1,0,1,2019,maio,5
Babá,0,0,0,2019,maio,5
Carlos Bolsonaro,1,0,1,2019,maio,5
Cesar Maia,0,0,0,2019,maio,5
Dr. Carlos Eduardo,0,0,0,2019,maio,5
Dr. Gilberto,0,0,0,2019,maio,5
Dr. Jairinho,0,0,0,2019,maio,5
Dr. João Ricardo,2,0,2,2019,maio,5
Dr. Jorge Manaia,0,0,0,2019,maio,5
Dr. Marcos Paulo,1,0,1,2019,maio,5
Eliseu Kessler,0,0,0,2019,maio,5
Fátima da Solidariedade,0,0,0,2019,maio,5
Felipe Michel,0,0,0,2019,maio,5
Fernando William,0,0,0,2019,maio,5
Inaldo Silva,0,0,0,2019,maio,5
Italo Ciba,0,0,0,2019,maio,5
Jair da Mendes Gomes,0,0,0,2019,maio,5
Jones Moura,0,0,0,2019,maio,5
Jorge Felippe,4,3,1,2019,maio,5
Junior da Lucinha,0,0,0,2019,maio,5
Leandro Lyra,0,0,0,2019,maio,5
Leonel Brizola,0,0,0,2019,maio,5
Luciana Novaes,1,1,0,2019,maio,5
Luiz Carlos Ramos Filho,0,0,0,2019,maio,5
Major Elitusalem,0,0,0,2019,maio,5
Marcelino D Almeida,2,2,0,2019,maio,5
Marcello Siciliano,1,1,0,2019,maio,5
Marcelo Arar,2,0,2,2019,maio,5
Matheus Floriano,0,0,0,2019,maio,5
Paulo Messina,0,0,0,2019,maio,5
Paulo Pinheiro,0,0,0,2019,maio,5
Prof.Célio Lupparelli,0,0,0,2019,maio,5
Professor Adalmir,0,0,0,2019,maio,5
Rafael Aloisio Freitas,0,0,0,2019,maio,5
Reimont,0,0,0,2019,maio,5
Renato Cinco,0,0,0,2019,maio,5
Renato Moura,0,0,0,2019,maio,5
Rocal,0,0,0,2019,maio,5
Rosa Fernandes,0,0,0,2019,maio,5
Tânia Bastos,0,0,0,2019,maio,5
Tarcísio Motta,0,0,0,2019,maio,5
Teresa Bergher,0,0,0,2019,maio,5
Thiago K. Ribeiro,0,0,0,2019,maio,5
Tiãozinho do Jacaré,1,0,1,2019,maio,5
Vera Lins,1,1,0,2019,maio,5
Veronica Costa,2,2,0,2019,maio,5
Welington Dias,0,0,0,2019,maio,5
Willian Coelho,2,1,1,2019,maio,5
Zico,1,0,1,2019,maio,5
Zico Bacana,0,0,0,2019,maio,5
Alexandre Isquierdo,0,0,0,2019,junho,6
Átila A. Nunes,0,0,0,2019,junho,6
Babá,0,0,0,2019,junho,6
Carlos Bolsonaro,0,0,0,2019,junho,6
Cesar Maia,1,1,0,2019,junho,6
Dr. Carlos Eduardo,0,0,0,2019,junho,6
Dr. Gilberto,0,0,0,2019,junho,6
Dr. Jairinho,0,0,0,2019,junho,6
Dr. João Ricardo,1,0,1,2019,junho,6
Dr. Jorge Manaia,0,0,0,2019,junho,6
Dr. Marcos Paulo,0,0,0,2019,junho,6
Eliseu Kessler,0,0,0,2019,junho,6
Fátima da Solidariedade,0,0,0,2019,junho,6
Felipe Michel,0,0,0,2019,junho,6
Fernando William,0,0,0,2019,junho,6
Inaldo Silva,0,0,0,2019,junho,6
Italo Ciba,0,0,0,2019,junho,6
Jair da Mendes Gomes,0,0,0,2019,junho,6
Jones Moura,0,0,0,2019,junho,6
Jorge Felippe,0,0,0,2019,junho,6
Junior da Lucinha,1,0,1,2019,junho,6
Leandro Lyra,0,0,0,2019,junho,6
Leonel Brizola,0,0,0,2019,junho,6
Luciana Novaes,2,2,0,2019,junho,6
Luiz Carlos Ramos Filho,0,0,0,2019,junho,6
Major Elitusalem,1,1,0,2019,junho,6
Marcelino D Almeida,1,0,1,2019,junho,6
Marcello Siciliano,0,0,0,2019,junho,6
Marcelo Arar,0,0,0,2019,junho,6
Matheus Floriano,0,0,0,2019,junho,6
Paulo Messina,0,0,0,2019,junho,6
Paulo Pinheiro,0,0,0,2019,junho,6
Prof.Célio Lupparelli,0,0,0,2019,junho,6
Professor Adalmir,0,0,0,2019,junho,6
Rafael Aloisio Freitas,0,0,0,2019,junho,6
Reimont,0,0,0,2019,junho,6
Renato Cinco,1,0,1,2019,junho,6
Renato Moura,0,0,0,2019,junho,6
Rocal,1,1,0,2019,junho,6
Rosa Fernandes,0,0,0,2019,junho,6
Tânia Bastos,0,0,0,2019,junho,6
Tarcísio Motta,0,0,0,2019,junho,6
Teresa Bergher,0,0,0,2019,junho,6
Thiago K. Ribeiro,1,0,1,2019,junho,6
Tiãozinho do Jacaré,0,0,0,2019,junho,6
Vera Lins,0,0,0,2019,junho,6
Veronica Costa,8,8,0,2019,junho,6
Welington Dias,0,0,0,2019,junho,6
Willian Coelho,3,3,0,2019,junho,6
Zico,0,0,0,2019,junho,6
Zico Bacana,0,0,0,2019,junho,6
Alexandre Arraes,0,0,0,2019,agosto,8
Alexandre Isquierdo,1,1,0,2019,agosto,8
Átila A. Nunes,0,0,0,2019,agosto,8
Babá,1,0,1,2019,agosto,8
Carlos Bolsonaro,0,0,0,2019,agosto,8
Cesar Maia,1,0,1,2019,agosto,8
Dr. Carlos Eduardo,0,0,0,2019,agosto,8
Dr. Gilberto,2,0,2,2019,agosto,8
Dr. Jairinho,0,0,0,2019,agosto,8
Dr. João Ricardo,0,0,0,2019,agosto,8
Dr. Jorge Manaia,3,3,0,2019,agosto,8
Dr. Marcos Paulo,0,0,0,2019,agosto,8
Eliseu Kessler,0,0,0,2019,agosto,8
Fátima da Solidariedade,1,1,0,2019,agosto,8
Fernando William,0,0,0,2019,agosto,8
Inaldo Silva,0,0,0,2019,agosto,8
Italo Ciba,0,0,0,2019,agosto,8
Jair da Mendes Gomes,0,0,0,2019,agosto,8
Jones Moura,1,1,0,2019,agosto,8
Jorge Felippe,0,0,0,2019,agosto,8
Junior da Lucinha,0,0,0,2019,agosto,8
Leandro Lyra,0,0,0,2019,agosto,8
Leonel Brizola,2,0,2,2019,agosto,8
Luciana Novaes,1,1,0,2019,agosto,8
Luiz Carlos Ramos Filho,1,0,1,2019,agosto,8
Major Elitusalem,0,0,0,2019,agosto,8
Marcelino D Almeida,0,0,0,2019,agosto,8
Marcello Siciliano,1,1,0,2019,agosto,8
Marcelo Arar,0,0,0,2019,agosto,8
Matheus Floriano,0,0,0,2019,agosto,8
Paulo Messina,0,0,0,2019,agosto,8
Paulo Pinheiro,0,0,0,2019,agosto,8
Petra,1,1,0,2019,agosto,8
Prof.Célio Lupparelli,0,0,0,2019,agosto,8
Professor Adalmir,0,0,0,2019,agosto,8
Rafael Aloisio Freitas,0,0,0,2019,agosto,8
Reimont,2,1,1,2019,agosto,8
Renato Cinco,0,0,0,2019,agosto,8
Rocal,0,0,0,2019,agosto,8
Rosa Fernandes,0,0,0,2019,agosto,8
Tânia Bastos,3,2,1,2019,agosto,8
Tarcísio Motta,0,0,0,2019,agosto,8
Teresa Bergher,0,0,0,2019,agosto,8
Thiago K. Ribeiro,0,0,0,2019,agosto,8
Tiãozinho do Jacaré,1,0,1,2019,agosto,8
Vera Lins,0,0,0,2019,agosto,8
Veronica Costa,1,1,0,2019,agosto,8
Welington Dias,0,0,0,2019,agosto,8
Willian Coelho,5,0,5,2019,agosto,8
Zico,1,0,1,2019,agosto,8
Zico Bacana,0,0,0,2019,agosto,8
Alexandre Arraes,1,1,0,2019,setembro,9
Alexandre Isquierdo,1,1,0,2019,setembro,9
Átila A. Nunes,0,0,0,2019,setembro,9
Babá,0,0,0,2019,setembro,9
Carlos Bolsonaro,0,0,0,2019,setembro,9
Cesar Maia,0,0,0,2019,setembro,9
Dr. Carlos Eduardo,1,1,0,2019,setembro,9
Dr. Gilberto,3,3,0,2019,setembro,9
Dr. Jairinho,0,0,0,2019,setembro,9
Dr. João Ricardo,1,0,1,2019,setembro,9
Dr. Jorge Manaia,0,0,0,2019,setembro,9
Dr. Marcos Paulo,0,0,0,2019,setembro,9
Eliseu Kessler,1,1,0,2019,setembro,9
Fátima da Solidariedade,0,0,0,2019,setembro,9
Fernando William,0,0,0,2019,setembro,9
Inaldo Silva,1,1,0,2019,setembro,9
Italo Ciba,0,0,0,2019,setembro,9
Jair da Mendes Gomes,0,0,0,2019,setembro,9
Jones Moura,2,0,2,2019,setembro,9
Jorge Felippe,1,1,0,2019,setembro,9
Junior da Lucinha,2,1,1,2019,setembro,9
Leandro Lyra,1,0,1,2019,setembro,9
Leonel Brizola,1,0,1,2019,setembro,9
Luciana Novaes,1,1,0,2019,setembro,9
Luiz Carlos Ramos Filho,0,0,0,2019,setembro,9
Major Elitusalem,1,1,0,2019,setembro,9
Marcelino D Almeida,4,4,0,2019,setembro,9
Marcello Siciliano,1,1,0,2019,setembro,9
Marcelo Arar,1,0,1,2019,setembro,9
Matheus Floriano,1,1,0,2019,setembro,9
Paulo Messina,2,0,2,2019,setembro,9
Paulo Pinheiro,0,0,0,2019,setembro,9
Petra,0,0,0,2019,setembro,9
Prof.Célio Lupparelli,0,0,0,2019,setembro,9
Professor Adalmir,1,1,0,2019,setembro,9
Rafael Aloisio Freitas,0,0,0,2019,setembro,9
Reimont,1,0,1,2019,setembro,9
Renato Cinco,1,0,1,2019,setembro,9
Rocal,1,0,1,2019,setembro,9
Rosa Fernandes,1,1,0,2019,setembro,9
Tânia Bastos,0,0,0,2019,setembro,9
Tarcísio Motta,0,0,0,2019,setembro,9
Teresa Bergher,1,0,1,2019,setembro,9
Thiago K. Ribeiro,1,0,1,2019,setembro,9
Tiãozinho do Jacaré,1,0,1,2019,setembro,9
Vera Lins,1,1,0,2019,setembro,9
Veronica Costa,1,1,0,2019,setembro,9
Welington Dias,4,4,0,2019,setembro,9
Willian Coelho,1,0,1,2019,setembro,9
Zico,0,0,0,2019,setembro,9
Zico Bacana,0,0,0,2019,setembro,9
Alexandre Arraes,0,0,0,2019,outubro,10
Alexandre Isquierdo,0,0,0,2019,outubro,10
Átila A. Nunes,0,0,0,2019,outubro,10
Babá,0,0,0,2019,outubro,10
Carlos Bolsonaro,0,0,0,2019,outubro,10
Cesar Maia,3,3,0,2019,outubro,10
Dr. Carlos Eduardo,0,0,0,2019,outubro,10
Dr. Gilberto,4,4,0,2019,outubro,10
Dr. Jairinho,0,0,0,2019,outubro,10
Dr. João Ricardo,2,2,0,2019,outubro,10
Dr. Jorge Manaia,0,0,0,2019,outubro,10
Dr. Marcos Paulo,0,0,0,2019,outubro,10
Eliseu Kessler,0,0,0,2019,outubro,10
Fátima da Solidariedade,0,0,0,2019,outubro,10
Felipe Michel,0,0,0,2019,outubro,10
Fernando William,0,0,0,2019,outubro,10
Inaldo Silva,4,4,0,2019,outubro,10
Italo Ciba,0,0,0,2019,outubro,10
Jair da Mendes Gomes,0,0,0,2019,outubro,10
Jones Moura,2,0,2,2019,outubro,10
Jorge Felippe,0,0,0,2019,outubro,10
Junior da Lucinha,2,0,2,2019,outubro,10
Leandro Lyra,0,0,0,2019,outubro,10
Leonel Brizola,0,0,0,2019,outubro,10
Luciana Novaes,1,1,0,2019,outubro,10
Luiz Carlos Ramos Filho,0,0,0,2019,outubro,10
Major Elitusalem,0,0,0,2019,outubro,10
Marcelino D Almeida,0,0,0,2019,outubro,10
Marcello Siciliano,0,0,0,2019,outubro,10
Marcelo Arar,0,0,0,2019,outubro,10
Matheus Floriano,0,0,0,2019,outubro,10
Paulo Messina,0,0,0,2019,outubro,10
Paulo Pinheiro,0,0,0,2019,outubro,10
Petra,1,1,0,2019,outubro,10
Prof.Célio Lupparelli,1,1,0,2019,outubro,10
Professor Adalmir,0,0,0,2019,outubro,10
Rafael Aloisio Freitas,0,0,0,2019,outubro,10
Reimont,1,1,0,2019,outubro,10
Renato Cinco,0,0,0,2019,outubro,10
Rocal,0,0,0,2019,outubro,10
Rosa Fernandes,0,0,0,2019,outubro,10
Tânia Bastos,2,0,2,2019,outubro,10
Tarcísio Motta,0,0,0,2019,outubro,10
Teresa Bergher,2,2,0,2019,outubro,10
Thiago K. Ribeiro,0,0,0,2019,outubro,10
Tiãozinho do Jacaré,1,1,0,2019,outubro,10
Vera Lins,0,0,0,2019,outubro,10
Veronica Costa,5,5,0,2019,outubro,10
Welington Dias,3,3,0,2019,outubro,10
Willian Coelho,2,1,1,2019,outubro,10
Zico,0,0,0,2019,outubro,10
Zico Bacana,0,0,0,2019,outubro,10
Alexandre Isquierdo,3,3,0,2019,novmebro,11
Átila A. Nunes,0,0,0,2019,novmebro,11
Babá,0,0,0,2019,novmebro,11
Carlos Bolsonaro,0,0,0,2019,novmebro,11
Cesar Maia,0,0,0,2019,novmebro,11
Dr. Carlos Eduardo,0,0,0,2019,novmebro,11
Dr. Gilberto,0,0,0,2019,novmebro,11
Dr. Jairinho,11,11,0,2019,novmebro,11
Dr. João Ricardo,2,2,0,2019,novmebro,11
Dr. Jorge Manaia,0,0,0,2019,novmebro,11
Dr. Marcos Paulo,0,0,0,2019,novmebro,11
Eliseu Kessler,0,0,0,2019,novmebro,11
Fátima da Solidariedade,1,1,0,2019,novmebro,11
Felipe Michel,0,0,0,2019,novmebro,11
Fernando William,0,0,0,2019,novmebro,11
Inaldo Silva,0,0,0,2019,novmebro,11
Italo Ciba,0,0,0,2019,novmebro,11
Jair da Mendes Gomes,0,0,0,2019,novmebro,11
Jones Moura,0,0,0,2019,novmebro,11
Jorge Felippe,0,0,0,2019,novmebro,11
Junior da Lucinha,1,0,1,2019,novmebro,11
Leandro Lyra,0,0,0,2019,novmebro,11
Leonel Brizola,0,0,0,2019,novmebro,11
Luciana Novaes,3,3,0,2019,novmebro,11
Luiz Carlos Ramos Filho,0,0,0,2019,novmebro,11
Major Elitusalem,0,0,0,2019,novmebro,11
Marcelino D Almeida,0,0,0,2019,novmebro,11
Marcello Siciliano,0,0,0,2019,novmebro,11
Marcelo Arar,0,0,0,2019,novmebro,11
Matheus Floriano,0,0,0,2019,novmebro,11
Paulo Messina,1,0,1,2019,novmebro,11
Paulo Pinheiro,0,0,0,2019,novmebro,11
Petra,0,0,0,2019,novmebro,11
Prof.Célio Lupparelli,0,0,0,2019,novmebro,11
Professor Adalmir,0,0,0,2019,novmebro,11
Rafael Aloisio Freitas,1,0,1,2019,novmebro,11
Reimont,0,0,0,2019,novmebro,11
Renato Cinco,1,0,1,2019,novmebro,11
Rocal,0,0,0,2019,novmebro,11
Rosa Fernandes,0,0,0,2019,novmebro,11
Tânia Bastos,1,1,0,2019,novmebro,11
Tarcísio Motta,0,0,0,2019,novmebro,11
Teresa Bergher,0,0,0,2019,novmebro,11
Thiago K. Ribeiro,0,0,0,2019,novmebro,11
Tiãozinho do Jacaré,0,0,0,2019,novmebro,11
Vera Lins,0,0,0,2019,novmebro,11
Veronica Costa,2,2,0,2019,novmebro,11
Welington Dias,1,1,0,2019,novmebro,11
Willian Coelho,2,0,2,2019,novmebro,11
Zico,0,0,0,2019,novmebro,11
Zico Bacana,0,0,0,2019,novmebro,11
Alexandre Arraes,0,0,0,2019,dezembro,12
Alexandre Isquierdo,0,0,0,2019,dezembro,12
Átila A. Nunes,0,0,0,2019,dezembro,12
Babá,0,0,0,2019,dezembro,12
Carlos Bolsonaro,0,0,0,2019,dezembro,12
Cesar Maia,0,0,0,2019,dezembro,12
Dr. Carlos Eduardo,0,0,0,2019,dezembro,12
Dr. Gilberto,0,0,0,2019,dezembro,12
Dr. Jairinho,3,0,3,2019,dezembro,12
Dr. João Ricardo,0,0,0,2019,dezembro,12
Dr. Jorge Manaia,0,0,0,2019,dezembro,12
Dr. Marcos Paulo,0,0,0,2019,dezembro,12
Eliseu Kessler,0,0,0,2019,dezembro,12
Fátima da Solidariedade,3,3,0,2019,dezembro,12
Fernando William,0,0,0,2019,dezembro,12
Inaldo Silva,0,0,0,2019,dezembro,12
Italo Ciba,0,0,0,2019,dezembro,12
Jair da Mendes Gomes,0,0,0,2019,dezembro,12
Jones Moura,0,0,0,2019,dezembro,12
Jorge Felippe,1,1,0,2019,dezembro,12
Junior da Lucinha,0,0,0,2019,dezembro,12
Leandro Lyra,0,0,0,2019,dezembro,12
Leonel Brizola,0,0,0,2019,dezembro,12
Luciana Novaes,0,0,0,2019,dezembro,12
Luiz Carlos Ramos Filho,0,0,0,2019,dezembro,12
Major Elitusalem,0,0,0,2019,dezembro,12
Marcelino D Almeida,0,0,0,2019,dezembro,12
Marcello Siciliano,0,0,0,2019,dezembro,12
Marcelo Arar,0,0,0,2019,dezembro,12
Matheus Floriano,0,0,0,2019,dezembro,12
Paulo Messina,0,0,0,2019,dezembro,12
Paulo Pinheiro,0,0,0,2019,dezembro,12
Petra,0,0,0,2019,dezembro,12
Prof.Célio Lupparelli,0,0,0,2019,dezembro,12
Professor Adalmir,1,1,0,2019,dezembro,12
Rafael Aloisio Freitas,0,0,0,2019,dezembro,12
Reimont,1,0,1,2019,dezembro,12
Renato Cinco,0,0,0,2019,dezembro,12
Rocal,0,0,0,2019,dezembro,12
Rosa Fernandes,0,0,0,2019,dezembro,12
Tânia Bastos,0,0,0,2019,dezembro,12
Tarcísio Motta,0,0,0,2019,dezembro,12
Teresa Bergher,0,0,0,2019,dezembro,12
Thiago K. Ribeiro,0,0,0,2019,dezembro,12
Tiãozinho do Jacaré,0,0,0,2019,dezembro,12
Vera Lins,2,2,0,2019,dezembro,12
Veronica Costa,1,0,1,2019,dezembro,12
Welington Dias,0,0,0,2019,dezembro,12
Willian Coelho,0,0,0,2019,dezembro,12
Zico,0,0,0,2019,dezembro,12
Zico Bacana,0,0,0,2019,dezembro,12
Alexandre Arraes,0,0,0,2020,fevereiro,2
Alexandre Isquierdo,0,0,0,2020,fevereiro,2
Átila A. Nunes,0,0,0,2020,fevereiro,2
Babá,0,0,0,2020,fevereiro,2
Carlos Bolsonaro,0,0,0,2020,fevereiro,2
Cesar Maia,0,0,0,2020,fevereiro,2
Dr. Carlos Eduardo,0,0,0,2020,fevereiro,2
Dr. Gilberto,0,0,0,2020,fevereiro,2
Dr. Jairinho,0,0,0,2020,fevereiro,2
Dr. João Ricardo,0,0,0,2020,fevereiro,2
Dr. Jorge Manaia,0,0,0,2020,fevereiro,2
Dr. Marcos Paulo,0,0,0,2020,fevereiro,2
Eliseu Kessler,0,0,0,2020,fevereiro,2
Fátima da Solidariedade,0,0,0,2020,fevereiro,2
Fernando William,0,0,0,2020,fevereiro,2
Inaldo Silva,0,0,0,2020,fevereiro,2
Italo Ciba,0,0,0,2020,fevereiro,2
Jair da Mendes Gomes,0,0,0,2020,fevereiro,2
João Mendes de Jesus,0,0,0,2020,fevereiro,2
Jones Moura,0,0,0,2020,fevereiro,2
Jorge Felippe,0,0,0,2020,fevereiro,2
Junior da Lucinha,0,0,0,2020,fevereiro,2
Leandro Lyra,0,0,0,2020,fevereiro,2
Leonel Brizola,0,0,0,2020,fevereiro,2
Luciana Novaes,0,0,0,2020,fevereiro,2
Luiz Carlos Ramos Filho,0,0,0,2020,fevereiro,2
Major Elitusalem,0,0,0,2020,fevereiro,2
Marcelino D Almeida,0,0,0,2020,fevereiro,2
Marcello Siciliano,0,0,0,2020,fevereiro,2
Marcelo Arar,0,0,0,2020,fevereiro,2
Matheus Floriano,0,0,0,2020,fevereiro,2
Paulo Messina,0,0,0,2020,fevereiro,2
Paulo Pinheiro,0,0,0,2020,fevereiro,2
Petra,0,0,0,2020,fevereiro,2
Prof.Célio Lupparelli,0,0,0,2020,fevereiro,2
Professor Adalmir,0,0,0,2020,fevereiro,2
Rafael Aloisio Freitas,0,0,0,2020,fevereiro,2
Reimont,0,0,0,2020,fevereiro,2
Renato Cinco,0,0,0,2020,fevereiro,2
Rocal,0,0,0,2020,fevereiro,2
Rosa Fernandes,0,0,0,2020,fevereiro,2
Tânia Bastos,0,0,0,2020,fevereiro,2
Tarcísio Motta,0,0,0,2020,fevereiro,2
Teresa Bergher,0,0,0,2020,fevereiro,2
Thiago K. Ribeiro,0,0,0,2020,fevereiro,2
Vera Lins,0,0,0,2020,fevereiro,2
Veronica Costa,0,0,0,2020,fevereiro,2
Welington Dias,0,0,0,2020,fevereiro,2
Willian Coelho,0,0,0,2020,fevereiro,2
Zico,0,0,0,2020,fevereiro,2
Zico Bacana,0,0,0,2020,fevereiro,2
Alexandre Arraes,0,0,0,2020,março,3
Alexandre Isquierdo,0,0,0,2020,março,3
Átila A. Nunes,0,0,0,2020,março,3
Babá,0,0,0,2020,março,3
Carlos Bolsonaro,0,0,0,2020,março,3
Cesar Maia,0,0,0,2020,março,3
Dr. Carlos Eduardo,0,0,0,2020,março,3
Dr. Gilberto,1,0,1,2020,março,3
Dr. Jairinho,0,0,0,2020,março,3
Dr. João Ricardo,0,0,0,2020,março,3
Dr. Jorge Manaia,0,0,0,2020,março,3
Dr. Marcos Paulo,0,0,0,2020,março,3
Eliseu Kessler,0,0,0,2020,março,3
Fátima da Solidariedade,0,0,0,2020,março,3
Fernando William,0,0,0,2020,março,3
Inaldo Silva,0,0,0,2020,março,3
Italo Ciba,0,0,0,2020,março,3
Jair da Mendes Gomes,0,0,0,2020,março,3
João Mendes de Jesus,0,0,0,2020,março,3
Jones Moura,0,0,0,2020,março,3
Jorge Felippe,0,0,0,2020,março,3
Junior da Lucinha,0,0,0,2020,março,3
Leandro Lyra,0,0,0,2020,março,3
Leonel Brizola,0,0,0,2020,março,3
Luciana Novaes,0,0,0,2020,março,3
Luiz Carlos Ramos Filho,0,0,0,2020,março,3
Major Elitusalem,1,0,1,2020,março,3
Marcelino D Almeida,0,0,0,2020,março,3
Marcello Siciliano,0,0,0,2020,março,3
Marcelo Arar,0,0,0,2020,março,3
Matheus Floriano,0,0,0,2020,março,3
Paulo Messina,0,0,0,2020,março,3
Paulo Pinheiro,0,0,0,2020,março,3
Petra,0,0,0,2020,março,3
Prof.Célio Lupparelli,0,0,0,2020,março,3
Professor Adalmir,0,0,0,2020,março,3
Rafael Aloisio Freitas,0,0,0,2020,março,3
Reimont,0,0,0,2020,março,3
Renato Cinco,1,0,1,2020,março,3
Rocal,0,0,0,2020,março,3
Rosa Fernandes,0,0,0,2020,março,3
Tânia Bastos,0,0,0,2020,março,3
Tarcísio Motta,0,0,0,2020,março,3
Teresa Bergher,0,0,0,2020,março,3
Thiago K. Ribeiro,0,0,0,2020,março,3
Vera Lins,0,0,0,2020,março,3
Veronica Costa,1,0,1,2020,março,3
Welington Dias,2,0,2,2020,março,3
Willian Coelho,0,0,0,2020,março,3
Zico,0,0,0,2020,março,3
Zico Bacana,0,0,0,2020,março,3
